feature,mean_abs_shap
extent_competed,0.410369897530638
office_change_rate_prior,0.2589896800531339
vehicle,0.21320623020052684
inc_office_share_3y,0.1697517487759649
inc_retain_rate_prior,0.15634709964442745
inc_office_awards_3y,0.12179907894192876
duration_years,0.11468734084817601
offers,0.10775959230419528
office_sector_vendors_3y,0.10668489237093616
psc_group,0.10546376012321523
naics_hhi_3y,0.09440645187334479
subcontracting_plan,0.088028466005781
log_ceiling,0.08319931466177036
inc_offices_3y,0.08164810398856248
is_8a,0.07331673102105721
agency,0.07094976515294951
naics2,0.05870489949167048
inc_awards_3y,0.05212195723169665
office_awards_3y,0.05113632763472047
naics_vendors_3y,0.04675730677120887
award_type,0.04327327221629677
office_recompetes_prior,0.043262840102654104
subagency_change_rate_prior,0.04154344089268257
subagency_recompetes_prior,0.03447373209171515
actions_per_year,0.03436492504904493
pricing_group,0.03391217312462775
performance_based,0.02808524518685595
log_spend_per_year,0.027562990302688394
inc_log_obligated_3y,0.027029812694969544
inc_recompetes_prior,0.016887047851062802
small_business,0.01687981611828106
set_aside_group,0.010864750651358357
projected_ceiling_use,0.00958333971867623
commercial_item,0.007944777939261832
is_sdvosb,0.0032773274869872366
is_wosb,0.0005022563211879568
national_interest,0.0
is_hubzone,0.0
