dimension,group,n,observed_change_rate,mean_predicted,auc
agency_band,All other agencies,108,0.5185185185185185,0.5260273866283938,0.6035370879120878
agency_band,Department of Defense,658,0.513677811550152,0.47225712324384833,0.7864413831360947
incumbent_small,other than small,644,0.42857142857142855,0.4387444835889212,0.7753081679269062
incumbent_small,small business,482,0.6058091286307054,0.5968217562558149,0.6933669790915646
set_aside_group,none,992,0.4808467741935484,0.4935029183842046,0.7564511204738353
size_band,$5-25M,874,0.5125858123569794,0.5281445048967991,0.757243984741784
size_band,$25-100M,194,0.5154639175257731,0.45450994326641575,0.7314893617021276
confidence,high,705,0.45390070921985815,0.4992499427844326,0.7933360389610389
confidence,medium,421,0.5890736342042755,0.5184045707447577,0.686754148797315
