outcome,confidence,score,desc_cosine,gap_days,office,pred_piid,pred_end,pred_vendor,pred_obligated_m,pred_psc,pred_description,succ_piid,succ_start,succ_vendor,succ_obligated_m,succ_psc,succ_description,reviewer_verdict,reviewer_note,construction
changed,medium,2.06,0.39,207.0,W075 ENDIST SAN FRAN,W912P720C0006,2021-03-04,CURTIN MARITIME CORP,5.5,Z1KF,"RICHMOND INNER HARBOR CHANNEL MAINTENANCE DREDGING PROJECT, CONTRA COSTA COUNTY, CALIFORNIA",W912P721C0016,2021-09-27,THE DUTRA GROUP,2.4,Y1KF,RICHMOND INNER HARBOR FY21 DREDGING,same_requirement,,True
changed,high,4.97,0.92,-55.0,W6QK ACC-APG,W91CRB20F0056,2020-09-16,FLORIDA ARMOR LLC,8.7,8470,THIS ORDER IS AWARDED FOR PRODUCTION QUANTITIES OF ENHANCED SIDE BALLISTIC INSERT HARD ARMOR PLATES IN ACCORDANCE WITH NOTICE OF FAIR OPPORTUNITY 0001.,W91CRB20F0357,2020-07-23,LEADING TECHNOLOGY COMPOSITES INC,12.0,8470,THIS ORDER IS AWARDED FOR PRODUCTION QUANTITIES OF ENHANCED SIDE BALLISTIC INSERT HARD ARMOR PLATES IN ACCORDANCE WITH NOTICE OF FAIR OPPORTUNITY 0003.,same_requirement,,False
changed,high,3.65,0.48,2.0,FA4661  7 CONS CD,FA466119CA006,2024-06-30,FRANCO VASQUEZ JOINT VENTURE,6.3,S208,MAINTAIN GROUNDS ON DYESS AFB,FA466124C0003,2024-07-02,WEBER SOLUTIONS LLC,3.4,S208,DYESS GROUNDS MAINTENANCE SERVICES,same_requirement,,False
retained,medium,2.95,0.45,362.0,TECHNOLOGY ACQUISITION CENTER NJ (36C10B),36C10B22N00050002,2024-03-31,COFORMA LLC,9.7,DA01,VA.GOV PRODUCT TEAMS - BENEFITS CREW,36C10B25N00050003,2025-03-28,COFORMA LLC,7.1,DA01,THIS SPRUCE TO IS FOR THE LIFESTAGE BENEFITS CREW,partial,,False
changed,medium,2.13,0.52,321.0,DLA TROOP SUPPORT,SPE8EL22F16XG,2023-10-13,"ATLANTIC DIVING SUPPLY, INC.",5.8,4220,4558278912!MULTIVEHICLE COMMUNICATION SYSTEM MODULE,SPE8EL24FW32G,2024-08-29,"NOBLE SUPPLY & LOGISTICS, LLC",1.0,4220,4565657723!AFNWC COMMUNICATION MODULE,partial,,False
retained,medium,2.62,0.54,8.0,W6QK ACC-APG,W91CRB20F5180,2021-09-02,"L3HARRIS GLOBAL COMMUNICATIONS, INC.",17.7,5895,"DIRECTED SOLE SOURCE PROCUREMENT OF HARRIS RADIOS AND SERVICES FOR THE COUNTRY LEBANON FMS: QB-D-UCQ, ARP: CE20054.",W91CRB21F5122,2021-09-10,"L3HARRIS GLOBAL COMMUNICATIONS, INC.",16.4,5810,"DIRECTED SOLE SOURCE PROCUREMENT OF HARRIS RADIOS AND SERVICES FOR THE COUNTRY OF IRAQ FMS: CK-B-AFN, ARP: CE21027.",wrong_match,,False
retained,high,5.56,0.95,0.0,NASA GODDARD SPACE FLIGHT CENTER,80GSFC18C0034,2023-05-31,"TORO PARTNERS II, LP",5.3,S111,"LANDFILL GAS FOLLOW-ON.  UNDER THIS CONTRACT, THE CONTRACTOR SHALL (A) SUPPLY LANDFILL GAS (LFG) TO NASA'S GODDARD SPACE FLIGHT CENTER (GSFC) AT THE SPECIFIED C",80GSFC23CA058,2023-05-31,"TORO PARTNERS II, LP",2.5,S111,THE CONTRACTOR SHALL (A) SUPPLY LANDFILL GAS (LFG) TO NASA'S GODDARD SPACE FLIGHT CENTER (GSFC) (B) PERFORM MAINTENANCE AND REPAIR ON CONTRACTOR-OWNED EQUIPMENT,same_requirement,,False
changed,high,5.42,1.0,1.0,USTRANSCOM-AQ,HTC71123F1006,2024-09-30,PATRIOT TEAM,115.2,V221,CIVIL RESERVE AIR FLEET - AIR TRANSPORTATION SERVICES,HTC71125F1001,2024-10-01,"ATLAS AIR, INC.",102.1,V221,CIVIL RESERVE AIR FLEET - AIR TRANSPORTATION SERVICES,partial,,False
changed,high,4.5,1.0,-167.0,NAVSUP WEAPON SYSTEMS SUPPORT MECH,N0010418CFA59,2021-08-15,COLONNA'S SHIPYARD INC,6.5,2010,"DDG 51, PROP SHAFT",N0010421FVR00,2021-03-01,"BENDER CCP, INC.",3.2,2010,"DDG 51, PROP SHAFT",same_requirement,,False
retained,high,4.29,0.91,-37.0,DCMA VERTICAL LIFT TEXAS,0003,2022-08-05,BELL TEXTRON INC,10.0,1680,AH-1Z APR-39D(V)2 SYSTEM KITS,N0001922F0896,2022-06-29,BELL TEXTRON INC,5.0,1680,APR-39D(V)2 AH-1Z RETROFIT A-KITS,same_requirement,,False
retained,high,4.01,0.53,0.0,W6QK ACC-RI,W52P1J20C4000,2023-08-31,BOOZ ALLEN HAMILTON INC,9.4,R799,CEMETERY DATA PROGRAM MANAGEMENT OFFICE SUPPORT FOR END-TO-END PROCESSES FOR QUALITY ASSURANCE AND ACCOUNTABILITY OF CEMETERY BURIAL RECORDS IN SUPPORT OF THE A,W519TC23C0044,2023-08-31,BOOZ ALLEN HAMILTON INC,7.3,R799,QUALITY ASSURANCE DATA FOR ARLINGTON NATIONAL CEMETERY,same_requirement,,False
retained,high,4.83,0.76,-50.0,NAVSUP FLT LOG CTR NORFOLK,N0018919F3032,2024-09-07,FALCONWOOD,18.3,R425,FLEET ENTERPRISE SUPPORT TEAM,N0018924F3058,2024-07-19,FALCONWOOD,9.5,R425,FLEET ENTERPRISE SUPPORT TEAM (FEST) SERVICES.,same_requirement,,False
retained,high,4.7,1.0,123.0,NIWC ATLANTIC,N6523620F3018,2025-05-15,SCIENTIFIC RESEARCH CORPORATION,14.3,R425,JOINT THREAT WARNING SYSTEM (JTWS) TECHNICAL SUPPORT,N6523625F3027,2025-09-15,SCIENTIFIC RESEARCH CORPORATION,6.2,K058,JOINT THREAT WARNING SYSTEM (JTWS) TECHNICAL SUPPORT,same_requirement,,False
retained,high,4.54,0.67,0.0,NAVSUP FLT LOG CTR  SAN DIEGO,N0024417F3003,2022-04-05,"ANCHOR INNOVATION, INC.",5.3,R799,IGF::OT::IGF ANTI-SMALL CRAFT BARRIER OPERATIONS IN SUPPORT OF CNRSW.,N0024422F3009,2022-04-05,"ANCHOR INNOVATION, INC.",7.4,R799,ANTI-SMALL CRAFT BARRIER SUPPORT SERVICES FOR NRSW.,same_requirement,,False
changed,high,3.59,0.47,-3.0,FPS EAST CCG DIV 3 ACQ DIV,70RFP322FRE300011,2023-09-30,TRIPLE CANOPY INC,24.5,S206,METROPOLITAN PHILADELPHIA PROTECTIVE SECURITY OFFICER (PSO) SERVICES,70RFP323FRE300034,2023-09-27,"KERBEROS INTERNATIONAL, INC.",11.6,S206,PROTECTIVE SECURITY OFFICER (PSO) SERVICES THROUGHOUT THE STATE OF PENNSYLVANIA,partial,,False
changed,high,3.67,0.66,-18.0,DCSO-P NEW CUMBERLAND,SP700022F0001,2022-09-30,XEROX CORPORATION,12.0,3610,"DELIVERY ORDER FOR THE PURCHASE OF SUPPLIES, ACCESSORIES, PARTS, TRAINING AND MAINTENANCE SUPPORT FOR THE SHIPBOARD MULTIPURPOSE COPIER PROGRAM TO SUPPORT THE N",SP700022F0229,2022-09-12,XEROX CORPORATION,3.3,3610,"DELIVERY ORDER FOR THE PURCHASE OF SUPPLIES, ACCESSORIES, PARTS, TRAINING AND MAINTENANCE SUPPORT FOR THE SHIPBOARD MULTI-FUNCTIONAL DEVICE PROGRAM TO SUPPORT T",same_requirement,,False
retained,high,5.14,1.0,2.0,USDA  AMS  3J14,123J1421C1213,2021-10-31,JTM PROVISIONS CO INC,9.3,8905,2000007642/4100022881/CHICKEN FAJITA STRIPS CTN-30 LB,123J1422F0088,2021-11-02,JTM PROVISIONS CO INC,3.5,8905,2000008154/4100024244/CHICKEN FAJITA STRIPS CTN-30 LB,same_requirement,,False
changed,medium,2.97,0.38,-151.0,"PROCUREMENT DIVISION, CSS",15M10522FD5300CSO,2022-09-30,"CENTERRA GROUP, LLC",10.6,S206,COURT SECURITY OFFICER SERVICES FOR THE EASTERN DISTRICT OF NEW YORK DISTRICT 53.,15M10522FD8300CSS,2022-05-02,"METROPOLITAN SECURITY SERVICES, INC.",4.3,S206,CSO SERVICES FOR THE EASTERN DISTRICT OF VIRGINIA.,wrong_match,,False
changed,high,4.94,1.0,60.0,DLA TROOP SUPPORT,SPE1C119F2427,2020-07-26,BETHEL INDUSTRIES INC,10.3,8415,"8506171432!COAT, ACU, TYPE I, CLASS II,",SPE1C120F8329,2020-09-24,AURORA INDUSTRIES LLC,9.6,8415,"8507678247!COAT, ACU, TYPE I, CLASS II,",same_requirement,,False
retained,high,3.72,0.57,-6.0,W6QK ACC-APG-ORLANDO,W900KK19F0013,2022-10-03,RESICUM INTERNATIONAL LLC,25.6,U008,QATAR AH-64E OTHER DIRECT COSTS FFP,W900KK22C0044,2022-09-27,RESICUM INTERNATIONAL LLC,26.1,U008,QATAR AH-64E TECHNICAL ASSISTANCE FIELD TEAM.,wrong_match,,False
changed,high,3.57,0.79,1.0,FA4427  60 CONS LGC,FA442719F0008,2021-09-30,"ENTERPRISE RESOURCE PLANNING INTERNATIONAL, LLC",5.4,Q201,CARDIAC CATHERIZATION TECHNICIAN,FA442722F0014,2021-10-01,AKAHI INGENESIS PARTNERS LLC,1.8,Q999,CARDIAC CATHERIZATION TECHNICIAN VASCULAR TECHNOLOGIST,same_requirement,,False
changed,high,3.55,0.42,27.0,NAVFACSYSCOM SOUTHWEST,N6247318F4873,2021-02-26,"HARPER CONSTRUCTION COMPANY, INC.",36.8,Y1BZ,IGF::OT::IGF X002 F-35 SIMULATOR FACILITY,N6247321F4342,2021-03-25,SOLPAC CONSTRUCTION INC,26.0,Y1BZ,"P-3271 SIMULATOR FACILITY, NAS LEMOORE",wrong_match,,True
changed,medium,2.84,0.44,-53.0,DEPT OF COMMERCE NOAA,DOCT0031,2021-07-02,SYNEREN TECHNOLOGIES CORPORATION,9.9,R425,ENGINEERING AND TECHNICAL SUPPORT SERVICES FOR THE NWS OFFICE OF OBSERVATIONS SURFACE AND UPPER AIR DIVISION,1305M221FNWWG0074,2021-05-10,TOTAL SOLUTIONS INC,4.4,R425,SURFACE OBSERVING PROGRAM SUPPORT SERVICES FOR THE OFFICE OF OBSERVATIONS,same_requirement,,False
retained,high,4.87,1.0,-4.0,NATIONAL INSTITUTES OF HEALTH NIDA,75N95019C00077,2024-09-29,"CORIELL INSTITUTE FOR MEDICAL RESEARCH, INC.",7.2,AN11,CORIELL - NINDS HUMAN GENETICS RESOURCE CENTER,75N95024C00042,2024-09-25,"CORIELL INSTITUTE FOR MEDICAL RESEARCH, INC.",3.8,AN12,CORIELL - NINDS HUMAN GENETICS RESOURCE CENTER,same_requirement,,False
retained,medium,2.97,0.43,229.0,FPS EAST CCG DIV 1 ACQ DIV,70RFP120FRE200026,2021-09-30,PARAGON SYSTEMS INC,26.3,S206,PROTECTIVE SECURITY OFFICER SERVICES MANHATTAN,70RFP122FRE200008,2022-05-17,PARAGON SYSTEMS INC,6.4,S206,"PROTECTIVE SECURITY OFFICER SERVICES UPSTATE, NY",wrong_match,,False
retained,high,4.56,0.7,120.0,W074 ENDIST MOBILE,W9127820F0158,2020-12-31,"INLAND DREDGING COMPANY, L.L.C.",7.9,Y1KB,BWT MAINTENANCE DREDGING IN AL,W9127821F0132,2021-04-30,"INLAND DREDGING COMPANY, L.L.C.",5.4,Y1KB,MAINTENANCE DREDGING OF BWT,same_requirement,,True
changed,medium,4.27,0.71,50.0,USDA  AMS  3J14,123J1418C0972,2019-03-31,"DOLE PACKAGED FOODS, LLC",11.4,8915,"2000005284/4100014707/PEACH FREESTONE DICED FRZ CUP-96/4.4 OZ,APRICOT FRZ CUP-96/4.5 OZ,MIXED BERRY FRZ CUP-96/4.OZ",123J1419C1757,2019-05-20,TITAN PEACH FARMS INC,9.8,8915,2000006118/4100017521/MIXED BERRY FRZ CUP-96/4.OZ,partial,,False
changed,high,5.4,0.93,-46.0,261-NETWORK CONTRACT OFFICE 21 (36C261),36C26121F0013,2024-12-31,"QUALITY SERVICES INTERNATIONAL, LLC",17.6,S201,JANITORIAL SERVICES AT VA PALO ALTO HEALTH CARE SYSTEM (VAPAHCS),36C26125F0050,2024-11-15,EBS-4U INC.,7.8,S201,JANITORIAL SERVICES FOR VA PALO ALTO HEALTH CARE SYSTEM (B+4),same_requirement,,False
changed,high,3.82,1.0,11.0,USTRANSCOM-AQ,HTC71119F1001,2019-09-30,FEDERAL EXPRESS CORPORATION,34.5,V121,IGF::OT::IGF CIVIL RESERVE AIR FLEET - AIR TRANSPORTATION SERVICES,HTC71120F1153,2019-10-11,PATRIOT TEAM,4.6,V221,CIVIL RESERVE AIR FLEET - AIR TRANSPORTATION SERVICES,partial,,False
changed,medium,2.31,0.41,-8.0,IRS BEP IT ACQUISITION,2031ZB22F00090,2025-09-25,"NEW TECH SOLUTIONS, INC.",7.5,7A21,MICROSOFT ENTERPRISE AGREEMENT,2031ZB25F00073,2025-09-17,"MINBURN TECHNOLOGY GROUP, LLC",3.1,7A21,MICROSOFT SOFTWARE ENTERPRISE AGREEMENT UNDER TREASURY BLANKET PURCHASE AGREEMENT,same_requirement,,False
retained,high,3.07,0.47,-263.0,FA8556 AFLCMC EBUK,FA867522F2013,2024-08-05,RAYTHEON COMPANY,9.6,R425,ADVANCED MEDIUM RANGE AIR TO AIR MISSILE PROGRAM SUPPORT AND ANNUAL SUSTAINMENT - FOREIGN MILITARY SALES (FMS) SUPPORT,FA855624FB005,2023-11-16,RAYTHEON COMPANY,2.9,R425,ADVANCED MEDIUM RANGE AIR TO AIR MISSLE TECNICAL SUPPORT AIM 120 ETOF ZAP,same_requirement,,False
retained,high,3.07,0.35,-198.0,HQ USSOCOM,0005,2019-08-31,RAYTHEON COMPANY,39.7,AC64,SKR SYSTEM LRIP II B   IGF::OT::IGF,H9240319F0048,2019-02-14,RAYTHEON COMPANY,36.1,AC64,PHASE II SKR SOFTWARE DEVELOPMENT,partial,,False
retained,high,4.6,0.94,-1.0,FA8214  AFNWC PZBB,FA821421C0001,2021-11-03,"SENTRY VIEW SYSTEMS, INC.",10.0,R425,REMOTE VISUAL ASSESSMENT (RVA) CONTRACTOR LOGISTICS SUPPORT (CLS),FA821422C0001,2021-11-02,"SENTRY VIEW SYSTEMS, INC.",66.0,R425,REMOTE VISUAL ASSESSMENT (RVA) CONTRACTOR LOGISTICS SUPPORT (CLS) FOR MMIII,same_requirement,,False
retained,high,3.29,0.45,320.0,W074 ENDIST MOBILE,W9127821F0363,2023-10-12,J & J MAINTENANCE INC,5.3,Z1DA,"EXTERIOR EIFS AND JOINT REPAIR, BASSETT ARMY COMMUNITY HOSPITAL (BACH), BUILDING 4076, FORT WAINWRIGHT, ALASKA.",W9127824F0218,2024-08-27,J & J MAINTENANCE INC,7.9,Z1DA,"REPLACE CRITICAL UTILITY EQUIPMENT AND RETUBE BOILER #3 HEAT EXCHANGER, BASSETT ARMY COMMUNITY HOSPITAL, FORT WAINWRIGHT, ALASKA.",wrong_match,,True
changed,high,3.42,0.44,-96.0,W074 ENDIST MOBILE,W9127818F0812,2023-01-01,DAVID BOLAND INC,12.9,Y1JZ,SMALL ARMS DEMILITARIZATION SYSTEM BLDG.,W9127822F0425,2022-09-27,"SPEEGLE CONSTRUCTION, INC",21.2,Y1JZ,SMALL ARMS DEMIL AT ANAD,partial,,True
retained,medium,2.28,0.45,-192.0,FA8682  AFLCMC EBJK,FA868218C0009,2024-10-31,LOCKHEED MARTIN CORPORATION,266.8,1425,JOINT AIR TO SURFACE STANDOFF MISSILE (JASSM) GROUP ONE/ EXTREME RANGE (XR),FA868224CB002,2024-04-22,LOCKHEED MARTIN CORPORATION,88.3,1425,JOINT AIR TO SURFACE STANDOFF MISSILE (JASSM) ENTERPRISE SOFTWARE (JES) 2.0 - THIS CONTRACT IS AWARDED UNDER THE AUTHORITY OF FAR 6.302-1 - ONLY ONE RESPONSIBLE,wrong_match,,False
changed,high,4.81,1.0,-31.0,PROGRAM SUPPORT CENTER ACQ MGMT SVC,75P00118F00298,2023-05-12,CROSBY MARKETING COMMUNICATIONS INC.,11.1,D318,"SOCIAL MEDIA, ENGAGEMENT&PUBLIC HEALTH EDUCATION CAMPAIGN SUPPORT SERVICES",75P00123F80066,2023-04-11,CREATIVE MARKETING RESOURCES INC,5.4,DF01,"SOCIAL MEDIA, ENGAGEMENT & PUBLIC HEALTH EDUCATION CAMPAIGN SUPPORT SERVICES",same_requirement,,False
retained,high,3.48,0.8,-140.0,DLA TROOP SUPPORT,SPE8EL22F16TM,2024-02-05,"ATLANTIC DIVING SUPPLY, INC.",13.5,4220,4558260032!PACSTAR 447 W/CISCO BLACKHEART ESR 6300,SPE8EL23F1DJJ,2023-09-18,"ATLANTIC DIVING SUPPLY, INC.",2.9,4220,4562367028!PACSTAR 447 W/ BLACKHEART ESR 6300,same_requirement,,False
changed,high,4.43,0.67,-82.0,AVIATION LOGISTICS CENTER (ALC)(00038),HSCG3817J500001,2021-11-30,"APOGEE ENGINEERING, LLC",9.5,R410,IGF::OT::IGF ASSET LOGISTICS INFORMATION MANAGEMENT SYSTEM TRANSFORMATION SERVICES,70Z03821FE0000066,2021-09-09,"INNOVATIVE TECHNOLOGY SOLUTIONS JV, LLC",7.4,R410,ASSET LOGISTICS MANAGEMENT INFORMATION SYSTEM (ALMIS) TRANSFORMATION SERVICES,same_requirement,,False
retained,high,5.18,1.0,-79.0,DCMA AIMO ST AUGUSTINE,Z555,2023-09-30,THE BOEING COMPANY,28.3,1510,F/A-18 A-D AND E/F MODIFICATIONS,S1110A23F0016,2023-07-13,THE BOEING COMPANY,9.8,1510,F/A-18 E/F MODIFICATIONS,same_requirement,,False
changed,high,3.53,0.67,36.0,NASA KENNEDY SPACE CENTER,80KSC018C0011,2019-08-20,JP DONOVAN CONSTRUCTION INC,14.4,Z2KZ,RESTORE KSC COASTAL SHORELINE,80KSC019C0023,2019-09-25,"NORTH WIND CONSTRUCTION SERVICES, LLC",23.2,Y1QA,RESTORE KENNEDY SPACE CENTER'S COASTAL SHORELINE,same_requirement,,True
retained,medium,2.59,0.31,-3.0,FA5270  18 CONS PK,FA527018P0069,2019-03-31,"KANKYO SOLUTION CO.,LTD",6.0,S205,KADENA MFH MSW COLLECTION AND DISPOSAL,FA527019PA012,2019-03-28,"KANKYO SOLUTION CO.,LTD",4.1,S205,MUNICIPAL SOLID WASTE COLLECTION AND DISPOSAL SERVICES,same_requirement,,False
retained,medium,2.86,0.42,-108.0,DLA LAND WARREN,SPRDL122F0060,2023-07-31,AM GENERAL LLC,6.9,2815,"DELIVERY ORDER FOR 373 EA., ENGINE WITH CONTAINER, NSN: 2815-01-439-6664.",SPRDL123F0110,2023-04-14,AM GENERAL LLC,4.8,2815,DELIVERY ORDER TO ADD 248 UNITS. NSN 2815-01-439-8164,partial,,False
changed,medium,5.74,1.0,195.0,W07V ENDIST NEW ORLEANS,W912P822C0047,2024-02-13,"GREAT LAKES DREDGE & DOCK CO, LLC",14.8,Y1KF,SOUTHWEST PASS - DREDGING,W912P824C0026,2024-08-26,MANSON CONSTRUCTION CO,11.1,Y1KF,SOUTHWEST PASS - DREDGING,same_requirement,,True
retained,high,4.85,1.0,22.0,DLA TROOP SUPPORT,SPE8EL20F1C9U,2021-03-08,"ATLANTIC DIVING SUPPLY, INC.",6.0,4220,4550486472!HAWKEYE LLL 2.0M TRI BAND XKU100W KA,SPE8EL21F105Y,2021-03-30,"ATLANTIC DIVING SUPPLY, INC.",3.9,4220,4553013450!HAWKEYE LLL 2.0M TRI BAND XKU100W KA,same_requirement,,False
retained,high,5.7,0.94,-12.0,NAVSUP FLT LOG CTR NORFOLK,N0018916CZ073,2021-09-28,"APOGEE SOLUTIONS, INC.",7.3,Q999,IGF::OT::IGF WOUNDED WARRIOR REGIMENT SERVICES,N0018921CZ088,2021-09-16,"APOGEE SOLUTIONS, INC.",7.0,Q999,BUMED WOUNDED WARRIOR REGIMENT SERVICES,same_requirement,,False
retained,high,3.92,0.53,-18.0,FDA OFFICE OF ACQ  GRANT SVCS,HHSF223201750064A,2021-12-10,OLGOONIK SOLUTIONS LLC,7.0,S211,IGF::CT::IGF OPERATION OF FDA SECURITY COMMAND CENTER,75F40122C00007,2021-11-22,OLGOONIK SOLUTIONS LLC,10.9,S211,EO14042 OPERATION OF FDA WHITE OAK COMMAND CENTER,same_requirement,,False
changed,medium,2.66,0.33,19.0,ACQUISITIONS - AQM MOMENTUM,19AQMM21F7330,2024-09-08,COMPETITIVE INNOVATIONS LLC,5.3,R699,COMPETITIVE INNOVATIONS PROFESSIONAL SUPPORT SERVICES - 15 POSITIONS DRL/GP,19AQMM24F2270,2024-09-27,CONTRACTING RESOURCES GROUP INC,5.2,R699,DRL-GP PROFESSIONAL SERVICES GROUP III,same_requirement,,False
changed,medium,2.5,0.41,90.0,USDA  AMS  3J14,123J1420C1553,2020-12-15,JTM PROVISIONS CO INC,6.2,8905,COMMODITIES FOR USG FOOD DONATIONS: 2000006877/4100020069/PORK PATTY CKD PKG-20/2 LB,123J1421C1089,2021-03-15,"ROSE PACKING COMPANY, INC.",5.4,8905,2000007605/4100022767/110980-PORK PULLED CKD PKG-20/2 LB,partial,,False
retained,high,3.37,0.46,301.0,REGION 6 : EMERGENCY PREPAREDNESS A,70FBR622P00000062,2022-11-09,ELLIOTT SECURITY SOLUTIONS LLC,6.9,R430,THE PURPOSE OF THIS PURCHASE ORDER IS TO PROVIDE LEVEL 11 ARMED SECURITY GUARD SERVICES IN SUPPORT OF DISASTER OPERATIONS IN THE STATE OF LOUISIANA AS A RESULT ,70FBR623P00000117,2023-09-06,ELLIOTT SECURITY SOLUTIONS LLC,4.1,R430,THE PURPOSE OF THIS PURCHASE ORDER IS TO ESTABLISH A FIRM FIXED PRICE ARMED SECURITY GUARD SERVICES CONTRACT FOR MULTIPLE GROUP SITES LOCATIONS THROUGHOUT THE S,partial,,False
retained,high,3.79,0.64,5.0,W6QM MICC-FDO FT EUSTIS,W911S019F0054,2020-12-18,VALIANT GLOBAL DEFENSE SERVICES INC.,5.3,B599,IGF::OT::IGF FUTURE STUDY PLAN UNIFIED QUEST EVENT SUPPORT.,W911S021F0044,2020-12-23,VALIANT GLOBAL DEFENSE SERVICES INC.,5.1,B599,FUTURE STUDY PLAN BRIDGE TASK ORDER,same_requirement,,False
changed,medium,2.29,0.5,341.0,NAVFACSYSCOM SOUTHWEST,N6247318F4566,2019-12-20,"DIMENSIONS CONSTRUCTION, INC.",7.7,Z1FC,"IGF::OT::IGF RENOVATE BACHELOR ENLISTED QUARTERS (BEQ) BUILDING 150, NBVC, SNI, CA",N6247321F4139,2020-11-25,"BARNHART-REESE CONSTRUCTION, INC.",18.5,Z2FC,"DESIGN BUILD, PE2133M REPAIR BACHELOR ENLISTED QUARTERS (BEQ AT MCB CAMP PENDLETON, CA.",wrong_match,,True
retained,medium,2.39,0.34,0.0,FA8721  AFLCMC PZE CM,0002,2018-10-17,"P3I, INCORPORATED",21.7,R707,IGF::CT::IGF   PROFESSIONAL ACQUISITION SUPPORT SERVICES II (PASS II) HNC TASK ORDER,FA872119C0001,2018-10-17,"P3I, INCORPORATED",6.1,R707,"IGF::CL,CT::IGF PROCUREMENT OF PROFESSIONAL ACQUISITION SUPPORT SERVICES BRIDGE CONTRACT",same_requirement,,False
retained,high,4.45,0.94,-33.0,DEF ADVANCED RESEARCH PROJECTS AGCY,HR001120C0146,2023-05-03,RADIANCE TECHNOLOGIES INC,31.4,AD93,SECURE ADVANCED FRAMEWORK FOR SIMULATION AND MODELING (SAFE-SIM) PROGRAM.,HR001123C0058,2023-03-31,RADIANCE TECHNOLOGIES INC,16.7,AC13,SECURE ADVANCED FRAMEWORK FOR SIMULATION AND MODELING (SAFE-SIM) PROGRAM PHASE III,same_requirement,,False
retained,medium,5.25,1.0,82.0,USDA  AMS  3J14,123J1418C1365,2019-03-15,"ICICLE SEAFOODS, INC.",5.1,8905,"2000005385/4100015092/SALMON PINK CAN-24/14.75 OZ (33630),K SALMON PINK CAN-24/14.75 OZ (33630)",123J1419C1865,2019-06-05,"ICICLE SEAFOODS, INC.",8.9,8905,"2000006130/4100017627/SALMON PINK CAN-24/14.75 OZ (33630),K SALMON PINK CAN-24/14.75 OZ (33630)",same_requirement,,False
changed,medium,4.78,0.88,65.0,USDA  AMS  3J14,123J1424F1418,2024-12-31,"HIGH LINER FOODS (USA), INCORPORATED",13.4,8905,"COMMODITIES FOR USG FOOD DONATIONS: 2000010004/4400002070/4100029756/FISH AK POLLOCK STICKS FRZ PKG-20/2 LB,FISH AK PLCK FILLETS FRZ PKG-20/2 LB",123J1425C0895,2025-03-06,"CHANNEL FISH PROCESSING CO., INC.",22.4,8905,"COMMODITIES FOR USG FOOD DONATIONS: 2000010644/4100031904/FISH AK POLLOCK NUGGETS FRZ PKG-20/2 LB,FISH AK POLLOCK STICKS FRZ PKG-20/2 LB,FISH AK PLCK FILLETS FR",partial,,False
changed,high,4.12,1.0,321.0,NAVSUP WEAPON SYSTEMS SUPPORT,N0038321FNR00,2021-11-10,STELLANT SYSTEMS INC,7.9,5996,"AMPLIFIER,RADIO FRE",N0038322FUX0A,2022-09-27,RAYTHEON COMPANY,1.8,5996,"AMPLIFIER,RADIO FRE",same_requirement,,False
retained,medium,2.87,0.49,-1.0,DOL - JCAS EAST PROCUREMENT,1630J217C0005,2021-03-31,"INSIGHTS TRAINING GROUP, LLC",27.5,M1CZ,IGF::CT::IGF OPERATION OF CARL D. PERKINS JOB CORPS CENTER,1605JE21C0009,2021-03-30,"INSIGHTS TRAINING GROUP, LLC",52.8,U006,CARL D. PERKINS JCC OA/CTS,same_requirement,,False
retained,high,3.39,0.57,-3.0,W6QK ACC-RSA,W58RGZ21C0011,2021-09-30,"AEROVIRONMENT, INC",11.8,1550,ACQUISITION OF PUMA AIRCRAFT SYSTEM FOR ALBANIA.,W58RGZ21C0041,2021-09-27,"AEROVIRONMENT, INC.",4.2,1550,ACQUISITION OF PUMA AND WASP AIRCRAFT SYSTEM FOR BANGLADESH,wrong_match,,False
retained,high,4.75,1.0,180.0,"DLA AVIATION AT PHILADELPHIA, PA",SPRPA122F0001,2022-10-07,THE BOEING COMPANY,6.8,1560,8508587698!PBL MATERIAL SUPPORT BOEING,SPRPA123F0010,2023-04-05,THE BOEING COMPANY,7.9,1560,8509800554!PBL MATERIAL SUPPORT BOEING,same_requirement,,False
changed,high,4.9,1.0,-257.0,DLA TROOP SUPPORT,SPE2D118F0498,2022-12-31,MINXRAY INC,6.2,6525,MEDICAL CAPITAL EQUIPMENT,SPE2D122F0179,2022-04-18,"SIEMENS MEDICAL SOLUTIONS USA, INC.",3.3,6525,8509014900!MEDICAL CAPITAL EQUIPMENT - I,same_requirement,,False
changed,high,3.77,0.48,96.0,NSWC DAHLGREN,0006,2022-04-29,V2X SYSTEMS LLC,54.7,R425,"IGF::OT::IGF THE NAVAL SURFACE WARFARE CENTER, DAHLGREN DIVISION (NSWCDD) IS SEEKING SUPPORT TO PROVIDE TECHNICAL, ENGINEERING, MAINTENANCE, SUSTAINMENT, OPERAT",N0017822F3013,2022-08-03,"AMENTUM SERVICES, INC.",27.2,R425,"THE CONTRACTOR SHALL PROVIDE TECHNICAL, ENGINEERING, MAINTENANCE, SUSTAINMENT, OPERATIONAL, AND PROCUREMENT SUPPORT IN THE PERFORMANCE OF E3 DISCIPLINES RELATIV",partial,,False
changed,high,3.21,0.39,61.0,FPS EAST CCG DIV 3 ACQ DIV,70RFP320FRE300020,2021-09-30,"UNIVERSAL PROTECTION SERVICE, LIMITED PARTNERSHIP",14.0,S206,PROTECTIVE SECURITY OFFICER SERVICES IN THE WV PANHANDLE,70RFP322FRE300003,2021-11-30,PATRONUS SYSTEMS INC,5.7,S206,PROTECTIVE SECURITY OFFICER SERVICES - WEST VIRGINIA,same_requirement,,False
retained,high,3.37,0.53,15.0,W6QK ACC-APG NATICK,W911QY23C0053,2024-03-31,GOODWILL INDUSTRIES OF SOUTH FLORIDA INC,14.9,8415,ARMY COMBAT PANTS,W911QY24C9002,2024-04-15,GOODWILL INDUSTRIES OF SOUTH FLORIDA INC,7.0,8415,ADVANCED COMBAT PANTS (ACP),partial,,False
changed,high,3.41,0.42,-5.0,"PROCUREMENT DIVISION, CSS",15M10523FD0424CSO,2024-09-30,"METROPOLITAN SECURITY SERVICES, INC.",14.5,S206,CIRCUIT 11 D04 - FY 2024 CSO PROGRAM FUNDING,15M10524FD1725CSO,2024-09-25,AKIMA CENTERRA INTEGRATED SERVICES LLC,7.2,S206,CIRCUIT 11 D17 - FY 2025 CSO PROGRAM FUNDING,wrong_match,,False
changed,high,4.75,0.8,193.0,FPS EAST CCG DIV 2 ACQ DIV,70RFP223FREC00013,2023-12-31,KR-MTAC LLC,6.7,S206,PROTECTIVE SECURITY OFFICER SERVICES IN VIRGINIA,70RFP224FREC00029,2024-07-11,"KERBEROS INTERNATIONAL, INC.",13.2,S206,PROTECTIVE SECURITY OFFICER (PSO) SERVICES IN VIRGINIA,same_requirement,,False
changed,medium,2.45,0.51,224.0,W071 ENDIST SEATTLE,W912DW20C0021,2025-02-13,WHH NISQUALLY-GARCO JV 2,30.2,Z2PZ,"REPAIR SECURITY FORCES ASSISTANCE BRIGADE (SFAB), PHASE 1 AT JOINT BASE LEWIS-MCCHORD (JBLM), WASHINGTON",W912DW25C0031,2025-09-25,WALSH-WESTERN WOOD JV,79.4,Y1FC,AWARD TO CONSTRUCT BARRACKS LOCATED AT JOINT BASE LEWIS MCCHORD (JBLM) WASHINGTON.,wrong_match,,True
retained,high,3.23,0.46,64.0,W4GG HQ US ARMY TACOM,W56HZV18C0004,2019-12-31,TALBERT MANUFACTURING INC,60.7,2330,M872A4 TRAILER AND ASSOCIATED ITEMS.,W56HZV20F0212,2020-03-04,TALBERT MANUFACTURING INC,76.4,2330,PROCUREMENT OF 681 EA M872A4 SEMITRAILERS AND ASSOCIATED ITEMS.,same_requirement,,False
retained,high,5.42,1.0,258.0,FCC,273FCC23C0013,2025-08-16,UNIVERSAL SERVICE ADMINISTRATIVE COMPANY,25.1,R499,USAC EMERGENCY CONNECTIVITY FUND,273FCC26C0002,2026-05-01,UNIVERSAL SERVICE ADMINISTRATIVE COMPANY,11.0,R499,USAC EMERGENCY CONNECTIVITY FUND,same_requirement,,False
changed,medium,2.91,0.59,-247.0,SAC FREDERICK (36C10X),36C10X21N0079,2025-06-01,"TRILOGY FEDERAL, LLC",5.3,R425,VHA INTEGRATED HEALTHCARE TRANSFORMATION (IHT) IDIQ CONTRACT TOPR#45 - TELE--CRITICAL CARE SUPPORT SERVICES,36C10X24N0213,2024-09-27,TITAN ALPHA LLC,5.0,Q403,VHA INTEGRATED HEALTHCARE TRANSFORMATION (IHT) IDIQ CONTRACT- CANCER REGISTRY PROGRAM,wrong_match,,False
retained,high,4.16,0.65,335.0,LOG-9,HSCG8416CQTHG50,2021-09-30,"NORTH BAY REHABILITATION SERVICES, INC.",14.7,S203,"IGF::OT::IGF  MESS ATTENDANT AND HOUSEKEEPING SERVICES @ USCG TRAINING CENTER, PETALUMA CA",70Z08422CDL930010,2022-08-31,"NORTH BAY REHABILITATION SERVICES, INC.",3.5,S203,MESS ATTENDANT AND HOUSEKEEPING SERVICES,same_requirement,,False
changed,medium,2.88,0.3,-187.0,USCIS CONTRACTING OFFICE(ERBUR),HSSCCG16J00083,2019-03-24,"ENTERPRISE RESOURCE PLANNED SYSTEMS INTERNATIONAL, LLC",34.8,D399,IGF::OT::IGF FLEXIBLE AGILE DEVELOPMENT SERVICES II (FADSII),70SBUR18F00000183,2018-09-18,ACCENTURE FEDERAL SERVICES LLC,54.7,D399,IGF::OT::IGF MYUSCIS AGILE WEB-DEVELOPMENT SERVICES,partial,,False
changed,medium,2.19,0.39,-122.0,FA8903  772 ESS PK,FA890317F0265,2019-02-25,BARLOVENTO LLC,5.7,Z1BZ,"IGF::OT::IGF REPAIR AIRFIELD LIGHTING SYSTEM AT KELLY FIELD, RANDOLPH AFB, SEGUIN FIELD AT JOINT BASE SAN ANTONIO, TEXAS",FA890319F0012,2018-10-26,"BRISTOL GENERAL CONTRACTORS, LLC",9.7,Y1AZ,"RENOVATE BUILDING 179 FOR BEDDOWN, JOINT BASE SAN ANTONIO, TEXAS",wrong_match,,True
retained,high,4.58,0.67,0.0,FA4855  27 SOCONS LGC,FA485519C0001,2023-05-31,"CW RESOURCES, INC.",5.8,S208,GROUNDS MAINTENANCE SERVICES FOR CANNON AIR FORCE BASE,FA485523P0026,2023-05-31,"CW RESOURCES, INC.",4.7,S208,GROUNDS MAINTENANCE SERVICES FOR CANNON AFB.,same_requirement,,False
changed,high,3.88,0.52,64.0,W074 ENDIST MOBILE,W9127819F0410,2021-05-26,"ISLANDS MECHANICAL CONTRACTOR, INC",6.0,Y1JZ,"CHILLED WATER PIPING REDUNDANCY BUILDING 857, GUNTER ANNEX, MAXWELL AIR FORCE BASE, ALABAMA",W9127821F0234,2021-07-29,"SOUTHEASTERN INDUSTRIAL CONSTRUCTION, LLC",3.9,Y1JZ,"BUILDING 857 FLUID COOLER #2, DISA, GUNTER ANNEX, MAXWELL AFB, MONTGOMERY, AL",wrong_match,,True
retained,high,5.23,1.0,-189.0,DEFENSE THREAT REDUCTION AGENCY,HDTRA119F0019,2025-01-10,"CULMEN INTERNATIONAL, LLC",124.7,V999,"TRANSIT, LOGISTICS, AND INTERPRETATION SUPPORT SERVICES",HDTRA124C0033,2024-07-05,"CULMEN INTERNATIONAL, LLC",29.6,V999,"TRANSIT, LOGISTICS, AND INTERPRETATION SUPPORT SERVICES",same_requirement,,False
retained,high,5.45,1.0,-5.0,FA8527  AFLCMC C3IAK,FA852723F0001,2024-06-30,"L3HARRIS TECHNOLOGIES, INC.",5.1,R425,ENTERPRISE IMAGE QUALITY VERIFICATION PROGRAM (EIQVP) U-2 AIR,FA852724F0037,2024-06-25,"L3HARRIS TECHNOLOGIES, INC.",1.1,R425,ENTERPRISE IMAGE QUALITY VERIFICATION PROGRAM (EIQVP) U-2 AIR,same_requirement,,False
changed,high,4.85,0.8,177.0,FPS WEST CCG,70RFPW23FRW900024,2024-01-31,TRIPLE CANOPY INC,10.8,S206,CENTRAL CALIFORNIA PROTECTIVE SECURITY OFFICER (PSO) SERVICES.,70RFPW24FRW900034,2024-07-26,CDA INCORPORATED,7.1,S206,BASIC+. CENTRAL CALIFORNIA ARMED PROTECTIVE SECURITY OFFICER (PSO) SERVICES.,same_requirement,,False
retained,high,5.13,0.82,-71.0,SSA OFC OF ACQUISITION  GRANTS,SS001461046,2019-06-28,DEPARTMENT OF STATE HEALTH SERVICES,7.5,R612,IGF::OT::IGF OTHER FUNCTIONS TX ENUMERATION AT BIRTH (EAB) TEXAS: THE CONTRACTOR SHALL PROVIDE BIRTH RECORDS FOR THE PURPOSE OF OBTAINING SOCIAL SECURITY NUMBER,28321319P00050120,2019-04-18,DEPARTMENT OF STATE HEALTH SERVICES,8.3,R612,TX ENUMERATION AT BIRTH (EAB). TEXAS ELECTRONIC BIRTH RECORDS FOR THE PURPOSE OF OBTAINING SOCIAL SECURITY NUMBER (SSN) AT BIRTH.,same_requirement,,False
changed,high,3.5,0.52,1.0,NARA CONTRACTING OFFICE,NAMA14F0052,2019-09-30,MILLER PROTECTION SERVICES INC,6.0,S206,SECURITY GUARD SERVICES AT THE FORD PRESIDENTIAL LIBRARY AND MUSEUM.  IGF::CT::IGF,88310320F00001,2019-10-01,STRATUS SECURITY MANAGEMENT INC,5.3,S206,NEW SECURITY GUARD TASK ORDER FOR THE GERALD R. FORD PRESIDENTIAL MUSEUM AND LIBRARY.,same_requirement,,False
retained,high,3.92,0.53,-1.0,BORDER ENFORCEMENT CONTRACTING DIVISION,HSBP1016C00086,2021-07-31,"J.P. INDUSTRIES, INC.",27.1,S201,IGF::OT::IGF CUSTODIAL AND GROUNDS MAINTENANCE SERVICES UNDER THE SOURCEAMERICA PROGRAM - TUCSON SECTOR USBP.,70B03C21C00000052,2021-07-30,"J.P. INDUSTRIES, INC.",45.5,S201,"CUSTODIAL AND GROUNDS MAINTENANCE SERVICES UNDER THE ABILITYONE PROGRAM FOR CBP, USBP TUCSON SECTOR AREA OF OPERATIONS.",same_requirement,,False
changed,medium,2.5,0.6,-230.0,FA8620  AFLCMC WIJK    BIG SAFARI,0048,2019-04-30,"SIERRA NEVADA COMPANY, LLC",5.7,6930,ACAT III BIG SAFARI; MISSION TRAINING DEVICE (MTD),FA862018F4919,2018-09-12,L3HARRIS TECHNOLOGIES INTEGRATED SYSTEMS L.P.,6.3,5865,ACAT III BIG SAFARI,partial,,False
changed,medium,2.77,0.48,83.0,GSA FAS AAS REGION 5,47QFLA22F0238,2023-03-31,VIASAT INC,7.5,7A20,JS VIASAT TO205 US ARMY PEO C3T,47QFLA23F0130,2023-06-22,"SIERRA NEVADA COMPANY, LLC",9.8,7A20,SNC SOLE SOURCE IDIQ TO82 ARMY PEO C3T,wrong_match,,False
changed,high,3.0,0.41,325.0,NAVFACSYSCOM NORTHWEST,N4425522F4363,2024-01-21,MANSON CONSTRUCTION CO,6.4,Z2PZ,"FABRICATE INSTALL TWO NEW MOORING CAMELS, NBK BANGOR, SILVERDALE, WA",N4425525F4009,2024-12-11,TRITON MARINE CONSTRUCTION CORP.,13.8,Z2PZ,"N4425521D5008 / N4425525F4009 RM21-0787 EXPLOSIVE HANDLING WHARF 1 (EHW1) ELECTRICAL REFURBISHMENT, NBK BANGOR, SILVERDALE, WA",wrong_match,,True
changed,medium,4.53,0.8,-3.0,USDA  AMS  3J14,123J1424F0295,2024-06-30,AMERICAS CATCH INC,14.0,8905,COMMODITIES FOR USG FOOD DONATIONS: 2000009717/4400001944/4100028710/CATFISH FLTS UNBRD RAW PKG-20/2 LB,123J1424C2025,2024-06-27,HEARTLAND CATFISH CO INC,9.4,8905,COMMODITIES FOR USG FOOD DONATIONS: 2000010136/4100030345/CATFISH FLTS UNBRD RAW PKG-20/2 LB,same_requirement,,False
changed,high,4.94,0.85,-225.0,W071 ENDIST SEATTLE,W912DW23C0010,2025-09-11,"NORTHBANK CIVIL AND MARINE, LLC",6.7,Y1PZ,CJD SPILLWAY SUMP PUMPS AND CONTROLS UPGRADE,W912DW25C0007,2025-01-29,"JR MERIT, INC.",8.5,Y1PZ,CJD PH SUMP PUMPS AND CONTROLS UPGRADE,partial,,True
changed,medium,3.21,0.47,66.0,MSCHQ NORFOLK,N3220519C3504,2024-07-01,SCHUYLER LINE NAVIGATION COMPANY LLC,58.5,V124,N103B/PM5 - S. KUNCKEN - SHALLOW DRAFT TANKER AWARD,N3220524C4138,2024-09-05,"U.S. MARINE MANAGEMENT, LLC",36.6,V124,N103B/N351B TANKERS/A.SMITH/ FE SHALLOW DRAFT TANKER #2,partial,,False
changed,medium,2.36,0.48,109.0,W072 ENDIST LOUISVILLE,W912QR21C0043,2024-09-05,"L.S. BLACK CONSTRUCTORS, LLC",14.8,Y1JZ,"DESIGN/BID/BUILD FOR THE CONSTRUCTION OF AN AERIAL PORT FACILITY LOCATED AT MINNEAPOLIS-ST PAUL AIR RESERVE STATION, MN.",W912QR25C0001,2024-12-23,JBW GROUP LLC,4.5,Y1PZ,"COMPLETE THE DESIGN AND CONSTRUCTION REQUIREMENTS OF THE MAIN GATE VEHICLE INSPECTION FACILITY AT MINNEAPOLIS-ST. PAUL AIR RESERVE STATION (ARS), MN",wrong_match,,True
changed,medium,2.81,0.33,-58.0,FA8903  772 ESS PK,FA890324F0030,2025-04-25,AHTNA-CDM SMITH JV,5.9,Y1JZ,DEMOLISH 1.25-MILE PIPELINE BETWEEN DFSP NEWINGTON AND PEASE ANGB,FA890325F0121,2025-02-26,CMS CORPORATION,20.1,Y1JZ,"DEMOLISH UPLAND TANKS AND ASSOCIATED FACILITIES AT DEFENSE FUEL SUPPORT POINT (DFSP) NEWINGTON, NEW HAMPSHIRE",wrong_match,,True
retained,high,3.67,0.47,-17.0,PUGET SOUND NAVAL SHIPYARD IMF,N4523A18C1051,2021-07-05,VIGOR MARINE LLC,6.0,J019,CAISSON 2 PRESERVATION AND REPAIR,N4523A21C1058,2021-06-18,VIGOR MARINE LLC,9.6,J019,"CAISSON 5 - MAINTENANCE, REPAIR, AND PRESERVATION",wrong_match,,False
retained,medium,4.69,0.69,-9.0,CDC OFFICE OF ACQUISITION SERVICES,HHSD2002012535800005,2022-09-27,KAISER FOUNDATION HOSPITALS,18.6,R499,IGF::CT::IGF FOR CRITICAL FUNCTIONS VACCINE SAFETY DATALINK PROJECT,75D30122F00001,2022-09-18,KAISER FOUNDATION HOSPITALS,20.2,R499,VACCINE SAFETY DATALINK,same_requirement,,False
changed,medium,2.93,0.61,142.0,NAVFACSYSCOM MID-ATLANTIC,N4008520F5964,2023-04-25,BUILDING ASSOCIATES INC,5.8,Z2JZ,NSWC BUILDING RENOVATIONS NAVAL SUPPORT ACTIVITY CRANE IN,N4008523F6661,2023-09-14,KREMPP CONSTRUCTION INC,2.0,Z2JB,"X017 NSWC MODERNIZATION FOR FXR AT THE NAVAL SUPPORT ACTIVITY, CRANE, IN",partial,,True
retained,high,5.72,1.0,-14.0,NAVSUP FLT LOG CTR NORFOLK,N0018915CZ050,2019-09-19,SERCO INC,13.1,R499,IGF::OT::IGF PSYCHOLOGICAL HEALTH OUTREACH SERVICES,N0018919CZ065,2019-09-05,SERCO INC,31.5,R499,PSYCHOLOGICAL HEALTH OUTREACH SERVICES,same_requirement,,False
changed,medium,4.67,0.75,-111.0,FPS EAST CCG DIV 2 ACQ DIV,70RFP218FREC00023,2019-02-28,PARAGON SYSTEMS INC,5.7,S206,"IGF::CL,CT::IGF PROTECTIVE SECURITY OFFICER (PSO) SERVICE",70RFP219FREC00008,2018-11-09,"UNIVERSAL PROTECTION SERVICE, LIMITED PARTNERSHIP",4.0,S206,PROTECTIVE SECURITY OFFICER (PSO) SERVICES,same_requirement,,False
retained,high,3.1,0.33,-1.0,"PROCUREMENT DIVISION, CSS",15M10524FD3925CSO,2025-09-30,"METROPOLITAN SECURITY SERVICES, INC.",11.4,S206,CIRCUIT 6 D39 - FY 2025 CSO PROGRAM FUNDING,15M10525FD1226CSO,2025-09-29,"METROPOLITAN SECURITY SERVICES, INC.",20.2,S206,CIRCUIT 9 D12 - FY 2026 CSO PROGRAM FUNDING,wrong_match,,False
retained,medium,2.06,0.43,92.0,NAVFACSYSCOM FAR EAST,N4008418C8303,2021-05-26,"NIHON MECCS CO.,LTD.",11.2,Z2EB,"REPAIR HVAC - SERF, BLDG. 497 AT NAF ATSUGI, JAPAN",N4008421F4656,2021-08-26,"NIHON MECCS CO.,LTD.",1.8,Z2EB,"UPGRADE ELECTRICAL DISTRIBUTION SYSTEM, N SIDE, B187 AT NAF ATSUGI, JAPAN",wrong_match,,True
retained,medium,2.64,0.57,7.0,W6QK ACC-RSA,W58RGZ20F0273,2025-04-30,NORTHROP GRUMMAN SYSTEMS CORPORATION,33.4,1090,5 YEAR IDIQ FOR COMMON INFRARED COUNTERMEASURE (CIRCM) HARDWARE AND SERVICES TASK ORDER FOR ENGINEERING SERVICES,W58RGZ25F0088,2025-05-07,NORTHROP GRUMMAN SYSTEMS CORPORATION,24.9,5865,COMMON INFRARED COUNTERMEASURE SYSTEM (CIRCM) ENGINEERING SERVICES YEAR 6 (ES YEAR 6),same_requirement,,False
retained,high,4.1,0.86,185.0,NAVAL AIR WARFARE CENTER AIR DIV,N0042124F0558,2025-05-18,AIRBORNE TACTICAL ADVANTAGE CO LLC,11.7,V121,FIGHTER JET SERVICES - TYPE III AIRCRAFT MARFORPAC,N0042126F0351,2025-11-19,AIRBORNE TACTICAL ADVANTAGE CO LLC,7.4,U099,FIGHTER JET SERVICES - TYPE III AIRCRAFT MARFORCOM,wrong_match,,False
retained,high,4.56,0.66,0.0,NASA HEADQUARTERS,80HQTR18C0012,2023-05-31,"MVLE, INC",8.6,S201,CUSTODIAL SERVICES AT NASA HEADQUARTERS,80HQTR23CA003,2023-05-31,"MVLE, INC",7.6,S201,MARY W. JACKSON NASA HEADQUARTERS CUSTODIAL SERVICES,same_requirement,,False
changed,high,3.23,0.33,27.0,WASHINGTON HEADQUARTERS SERVICES,HQ003420F0501,2024-08-30,APC CONSTRUCTION LLC,6.3,Y1AA,BID-BUILD CONSTRUCTION FOR PENTAGON TENANT G INTERIOR RENOVATIONS,HQ003424F0721,2024-09-26,"HSU DEVELOPMENT, INC.",4.9,Y1AA,DESIGN-BID-BUILD CONSTRUCTION FOR REPAIR OF STAIRWELL 87 AND ROOF,wrong_match,,True
