outcome,confidence,score,desc_cosine,gap_days,office,pred_piid,pred_end,pred_vendor,pred_obligated_m,pred_psc,pred_description,succ_piid,succ_start,succ_vendor,succ_obligated_m,succ_psc,succ_description,reviewer_verdict,reviewer_note
changed,medium,2.93,0.42,-12.0,FA8075  774 ESS,0008,2020-06-24,HII MISSION TECHNOLOGIES CORP,15.1,AZ12,"IGF::OT::IGF INITIAL AWARD AND FUNDING FOR DT-14-1036 ""AIR FORCE SPECTRUM MANAGEMENT OFFICE (AFSMO) SPECTRUM MANAGEMENT SUPPORT""",FA807520F0061,2020-06-12,HII MISSION TECHNOLOGIES CORP,52.6,AZ12,"AIR FORCE RADIO SPECTRUM STUDIES, MEASUREMENTS, TRANSITIONS, CERTIFICATION, AND LICENSING AIR FORCE SPECTRUM MANAGEMENT OFFICE",same_requirement,
changed,medium,2.16,0.3,-137.0,W6QK ACC-RI,0015,2025-09-30,"FLUOR INTERCONTINENTAL, INC",40.8,R706,IGF::OT::IGF  LOGCAP BASE LIFE SUPPORT SERVICES FOR SOUTHCOM AREA OF RESPONSIBILITY.,W519TC25F0183,2025-05-16,"KBR SERVICES, LLC",15.5,R706,UCA FOR LOGCAP BASE LIFE SUPPORT AND SUSTAINMENT SERVICES AT DONA ANA BASE CAMP IN SUPPORT OF ARNORTH AND JOINT TASK FORCE - SOUTHERN BORDER. THIS ACTION IS UND,wrong_match,
changed,medium,3.98,0.82,-230.0,FA8620  AFLCMC WIJK    BIG SAFARI,0063,2019-04-30,"SIERRA NEVADA COMPANY, LLC",6.3,1680,ACAT III BIG SAFARI; PROSPECTOR MISSION EQUIPMENT,FA862018F4769,2018-09-12,L3HARRIS TECHNOLOGIES INTEGRATED SYSTEMS L.P.,1.9,1680,ACAT III BIG SAFARI,partial,
changed,medium,4.09,0.74,268.0,USDA  AMS  3J14,123J1424F1423,2024-12-31,"CHANNEL FISH PROCESSING CO., INC.",14.3,8905,COMMODITIES FOR USG FOOD DONATIONS: 2000010004/4400002061/4100029761/FISH AK POLLOCK STICKS FRZ PKG-20/2 LB,123J1425C2043,2025-09-25,"HIGH LINER FOODS (USA), INCORPORATED",12.1,8905,COMMODITIES FOR USG FOOD DONATIONS: 2000010983/4100033042/FISH AK POLLOCK STICKS FRZ PKG-20/2 LB,same_requirement,
changed,medium,2.94,0.44,0.0,DOL - ITAS DIVISION A PROCUREMENT,1605TA22F00078,2024-12-31,ASTOR & SANDERS CORPORATION,10.8,DF01,EBSS AND E-GRANTS OPERATIONS AND MAINTENANCE SUPPORT SERVICES,1605TA25F00007,2024-12-31,1ST SBC SOLUTIONS LLC,3.4,DF01,LABOR: NEW CONTRACT DATA WAREHOUSE / INFOSPACE AND EBSS OPERATIONS AND MAINTENANCE (O&M) SUPPORT SERVICES,same_requirement,
changed,medium,2.79,0.38,365.0,STRATEGIC ACQUISITION CENTER FREDERICKSBURG (36C10G),36C10G23F0013,2024-05-07,"SIGNATURE CHOICE, LLC",147.9,R499,NON-VA COMMUNITY HEALTHCARE CLAIMS PROCESSING&PROVIDER CUSTOMER SERVICE CONTACT CENTER,36C10G25N0048,2025-05-07,"SIGNATURE CHOICE II, LLC",123.6,R499,VA CLAIMS PROCESSING AND CUSTOMER SERVICE,same_requirement,
changed,high,4.31,1.0,365.0,"DLA AVIATION AT PHILADELPHIA, PA",5020,2021-03-31,RAYTHEON COMPANY,11.6,5998,CIRCUIT CARD ASSEMB,SPRPA122FCK0H,2022-03-31,LOCKHEED MARTIN CORPORATION,1.2,5998,CIRCUIT CARD ASSEMB,same_requirement,
changed,high,5.07,1.0,-186.0,BORDER ENFORCEMENT CONTRACTING DIVISION,70B03C19C00000146,2024-09-29,"PROFESSIONAL CONTRACT SERVICES, INC.",24.3,S201,JANITORIAL AND GROUNDS MAINTENANCE,70B03C24C00000017,2024-03-27,"CHENEGA GOVERNMENT MISSION SOLUTIONS, LLC",4.1,S201,JANITORIAL AND GROUNDS MAINTENANCE,same_requirement,
changed,high,5.8,1.0,-7.0,INVESTIGATIONS AND OPERATIONS SUPPORT DALLAS,70CMSD19FC0000007,2020-03-20,"GENERAL DYNAMICS INFORMATION TECHNOLOGY, INC.",6.1,R615,"IGF::CL,CT::IGF BACKGROUND INVESTIGATION NON-PERSONAL SERVICES",70CMSD20FC0000007,2020-03-13,OMNIPLEX WORLD SERVICES CORPORATION,3.9,R615,BACKGROUND INVESTIGATION NON-PERSONAL SERVICES,same_requirement,
changed,high,5.91,1.0,60.0,FPS EAST CCG DIV 2 ACQ DIV,70RFP223FREC00019,2024-03-31,BRADLEY TECHNOLOGIES INC,7.6,S206,PROTECTIVE SECURITY OFFICER SERVICES IN MARYLAND,70RFP224FREC00016,2024-05-30,"NORTH AMERICAN SECURITY, INCORPORATED",8.9,S206,PROTECTIVE SECURITY OFFICER (SERVICES) IN MARYLAND,same_requirement,
changed,high,3.16,0.37,61.0,FPS EAST CCG DIV 3 ACQ DIV,70RFP320FRE300020,2021-09-30,"UNIVERSAL PROTECTION SERVICE, LIMITED PARTNERSHIP",14.0,S206,PROTECTIVE SECURITY OFFICER SERVICES IN THE WV PANHANDLE,70RFP322FRE300003,2021-11-30,PATRONUS SYSTEMS INC,5.7,S206,PROTECTIVE SECURITY OFFICER SERVICES - WEST VIRGINIA,same_requirement,
changed,high,3.91,0.72,354.0,FPS WEST CCG,70RFPW20FRW900041,2021-09-30,PARAGON SYSTEMS INC,30.4,S206,"ARMED PROTECTIVE SECURITY OFFICER (PSO) SERVICES - RECURRING FOR LOS ANGELES, CA AND SURROUNDING AREAS",70RFPW22FRW900029,2022-09-19,"FIRST COAST SECURITY SOLUTIONS, INC.",35.1,S206,"ARMED PROTECTIVE SECURITY OFFICER (PSO) SERVICES FOR LOS ANGELES, CA AND SURROUNDING AREAS FY23 BASE TASK ORDER AWARD FOR RECURRING SERVICES",same_requirement,
changed,high,4.15,0.61,183.0,FPS WEST CCG,70RFPW24FRW900015,2025-03-31,PARAGON SYSTEMS INC,17.1,S206,TASK ORDER FOR NORTHERN CALIFORNIA BASIC PROTECTIVE SECURITY OFFICER (PSO) SERVICES,70RFPW25FRW900044,2025-09-30,"UNIVERSAL PROTECTION SERVICE, LIMITED PARTNERSHIP",13.5,S206,ARMED PROTECTIVE SECURITY OFFICER (PSO) SERVICES FOR CENTRAL CALIFORNIA - BASIC,wrong_match,
changed,medium,2.66,0.5,145.0,SECURITY TECHNOLOGY,70T04020F1NAP6611,2021-04-30,BATTELLE MEMORIAL INSTITUTE,11.8,H299,ATSS BPA ORDER 25 - 70T4020F1NAP6611 IN SUPPORT OF CHECKED BAGGAGE TECHNOLOGIES. ALL WORK SHALL BE IN ACCORDANCE WITH THE BASE BPA AND SOW.,70T04021F7672N054,2021-09-22,SCIENCE APPLICATIONS INTERNATIONAL CORPORATION,5.3,R425,OTSS BPA ORDER 25 IN SUPPORT OF CHECKED BAGGAGE TECHNOLOGIES (CBT),same_requirement,
changed,medium,2.75,0.34,339.0,AVIATION LOGISTICS CENTER (ALC)(00038),70Z03819FB0000036,2020-08-31,"SAFRAN HELICOPTER ENGINES USA, INC",5.3,J016,H65 ENGINE SUPPORT SERVICES OPTION PERIOD ONE,70Z03821FK0000013,2021-08-05,"AERY AVIATION, LLC",2.8,J016,WIRE HARNESS SUPPORT SERVICES OPTION PERIOD ONE FUNDING,wrong_match,
changed,high,4.78,1.0,203.0,LOG-9,70Z08419F8YZ01900,2019-08-01,COUVILLION GROUP LLC,37.2,F112,"IGF::OT::IGF  N18034  PROVIDE LABOR, MATERIALS AND EQUIPMENT TO MITIGATE THE HARMFUL AFFECT OF OIL SPILL OR HAZARDOUS CHEMICAL INCIDENT, AS DIRECTED BY THE (FOS",70Z08420F8YZ02300,2020-02-20,"ENVIRONMENTAL, SAFETY & HEALTH CONSULTING SERVICES, INC.",8.5,F112,"N20019 PROVIDE LABOR, MATERIALS AND EQUIPMENT TO MITIGATE THE HARMFUL AFFECT OF OIL SPILL OR HAZARDOUS CHEMICAL INCIDENT, AS DIRECTED BY THE (FOSC)",partial,
changed,medium,2.6,0.35,-12.0,USAID M/OAA,7200AA18C00096,2023-09-26,CREDENCE MANAGEMENT SOLUTIONS LIMITED LIABILITY COMPANY,79.0,R425,IGF:OT:IGF GLOBAL HEALTH TECHNICAL PROFESSIONALS (GHTP) PROGRAM IGF:OT:IGF,7200AA23C00056,2023-09-14,PANAGORA GROUP INC.,13.2,R425,LOCALIZE GLOBAL HEALTH SECURITY LGHS,wrong_match,
changed,medium,2.24,0.57,-248.0,USAID M/OAA,7200AA23F00007,2025-09-21,CROWN AGENTS USA INC.,5.0,R408,"THE PURPOSE OF THIS CONTRACT IS TO ESTABLISH AND MANAGE A FLEXIBLE, QUICK-RESPONSE MECHANISM SUPPORTING ACTIVITIES THAT WILL SUSTAIN THE PRO-DEMOCRACY MOVEMENT ",7200AA25F00007,2025-01-16,DT GLOBAL INC,3.3,R425,"TO ACQUIRE SERVICES TO ESTABLISH AND MANAGE A FLEXIBLE, QUICK RESPONSE MECHANISM SUPPORTING ACTIVITIES TO SUPPORT PROGRESS TOWARDS GREATER DEMOCRATIC OPENNESS A",same_requirement,
changed,high,4.82,0.91,196.0,CDC OFFICE OF ACQUISITION SERVICES,75D30118F00002,2023-09-29,MASSGENICS INC,5.5,R499,"IGF::OT::IGF - INTERNATIONAL TECHNICAL, OPERATIONAL, AND PROFESSIONAL SUPPORT SERVICES (ITOPSS) III.",75D30124F00002,2024-04-12,"STRATEGIC SOLUTIONS INTERNATIONAL, LLC",2.0,R499,"INTERNATIONAL TECHNICAL, OPERATIONAL AND PROFESSIONAL SUPPORT SERVICES ITOPSS 4.0",same_requirement,
changed,medium,3.94,0.52,-7.0,NATIONAL INSTITUTES OF HEALTH NHLBI,75N92023F00001,2025-09-22,UNIVERSITY OF MISSISSIPPI MEDICAL CENTER,5.7,AN12,JACKSON HEART STUDY (JHS) COORDINATING CENTER (CC) - TASK AREA D,75N92025F00001,2025-09-15,"G.A. CARMICHAEL FAMILY HEALTH CENTER, INC",1.9,AN12,JACKSON HEART STUDY (JHS) COMMUNITY ENGAGEMENT CENTER (CEC): TASK AREA A,wrong_match,
changed,high,5.14,0.86,-2.0,FSA ACQUISITIONS OFFICE,91003118F0022,2019-03-31,PENNSLYVANIA HIGHER EDUCATION ASSISTANCE AGENCY,7.0,R710,"BASE AWARD: LC SERVICING OF TITLE IV STUDENT FINANCIAL AID, IN ACCORDANCE WITH SECTION 2212 OF THE HEALTH CARE AND EDUCATION RECONCILIATION ACT OF 2010 (PUB.L. ",91003119F0318,2019-03-29,NAVIENT CORPORATION,3.2,R710,"BASE AWARD: SERVICING OF TITLE IV STUDENT FINANCIAL AID, IN ACCORDANCE WITH SECTION 2212 OF THE HEALTH CARE AND EDUCATION RECONCILIATION ACT OF 2010 (PUB.L. 111",same_requirement,
changed,medium,5.28,1.0,37.0,USTRANSCOM-AQ,9509,2018-12-31,LIBERTY GLOBAL LOGISTICS LLC,42.4,V115,IGF::OT::IGF CONSOLIDATED TRANSPORTATION SHIPMENTS MADE BY DECENTRALIZED ORDERING OFFICERS,HTC71119F8136,2019-02-06,"MAERSK LINE, LIMITED",22.1,V115,IGF::OT::IGF CONSOLIDATED TRANSPORTATION SHIPMENTS MADE BY DECENTRALIZED ORDERING OFFICERS,same_requirement,
changed,medium,2.59,0.35,-57.0,NNSA NON-MO CNTRCTNG OPS DIV,DEDT0011426,2022-09-08,PROJECT ENHANCEMENT CORPORATION,80.9,R499,IGF::CL::IGF  U.S. DEPARTMENT OF ENERGY/NATIONAL NUCLEAR SECURITY ADMINISTRATION (DOE/NNSA)OFFICE OF EMERGENCY OPERATIONS (NA-40)AND THE OFFICE OF COUNTERTERROR,89233122FNA400454,2022-07-13,MELE ASSOCIATES INC,47.3,R499,"U.S. DEPARTMENT OF ENERGY, NATIONAL NUCLEAR SECURITY ADMINISTRATION'S (DOE/NNSA)BLANKET PURCHASE AGREEMENT (BPA) HOLDERS--RFQ 89233122QNA000228 TECHNICAL, ANALY",partial,
changed,high,3.13,0.62,272.0,FA2487  AFTC PZZD (EGLIN),FA248718F4903,2021-12-31,"DYNETICS, INC.",8.4,AC53,"TEST&EVALUATION TECHNOLOGIES FOR RANGES, ARMAMENTS&SPECTRUM (TETRAS) MAC IDIQ - GUIDED WEAPONS EVALUATION FACILITY RADIO FREQUENCY MODERNIZATION DESIGN",FA248722FA069,2022-09-29,INTUITIVE RESEARCH AND TECHNOLOGY CORPORATION,7.8,AC33,"TEST & EVALUATION TECHNOLOGIES FOR RANGES, ARMAMENTS AND SPECTRUM (TETRAS) - NETWORK BANDWIDTH EXPANSION-EGLIN (NBE-E)",wrong_match,
changed,high,3.36,0.49,-9.0,FA8051  772 ESS PKD,FA805121F0021,2025-06-25,V2X SYSTEMS LLC,21.0,S216,"ALI AL SALEM AIR BASE DINING FACILITY SERVICES, KUWAIT",FA805125F0031,2025-06-16,READINESS MANAGEMENT SUPPORT LC,3.8,S216,"INSTALLATION SUPPORT SERVICES (ISS) TO THE 386TH EXPEDITIONARY FORCE SUPPORT SQUADRON (EFSS) AT ALI AL-SALEM AIR BASE (ASAB) AND CARGO CITY, KUWAIT.",partial,
changed,high,3.36,0.47,-6.0,FA8052  773 ESS,FA805220F0018,2021-04-25,"CHOCTAW STAFFING SOLUTIONS, INC.",5.4,R499,FAMILY ADVOCACY PROGRAM - WEST,FA805221F0020,2021-04-19,ABSS SOLUTIONS INC,1.3,R499,FAMILY ADVOCACY PROGRAM (FAP) UNITED STATES AIR FORCES IN EUROPE (USAFE),wrong_match,
changed,high,4.18,0.57,-18.0,FA8730  KESSEL RUN AFLCMC/HBBK,FA873019F0176,2022-02-14,"HIGHLIGHT TECHNOLOGIES, LLC",24.8,M1BG,KESSEL RUN ENTERPRISE SERVICES SOFTWARE ENVIRONMENT AND SOFTWARE TOOLCHAIN MANAGEMENT SERVICES,FA873022F0028,2022-01-27,AT-IMPACT LLC,37.6,M1BG,KESSEL RUN ENTERPRISE TOOLCHAIN (ET),same_requirement,
changed,high,5.89,0.99,-6.0,IT CONTRACTING DIVISION - PL84,HC102815F0167,2020-10-01,CGI FEDERAL INC.,14.8,D399,IGF::CT::IGF  WEB CONTENT FILTERING SUPPORT,HC102820F6160,2020-09-25,"ECS FEDERAL, LLC",16.1,D399,WEB CONTENT FILTERING,same_requirement,
changed,medium,3.37,0.39,-3.0,CDC OFFICE OF ACQUISITION SERVICES,HHSD200201793426C,2022-09-30,CITY OF NEW YORK FIRE DEPARTMENT,49.8,Q201,IGF::OT::IGF:: WORLD TRADE CENTER HEALTH PROGRAM CLINICAL CENTER OF EXCELLENCE SERVICES,75D30122C15518,2022-09-27,NEW YORK CITY HEALTH AND HOSPITALS CORPORATION,78.3,Q201,WTCHP CLINICAL CENTER OF EXCELLENCE,same_requirement,
changed,medium,2.78,0.33,-30.0,DEFENSE HEALTH AGENCY,HT001418F0392,2022-10-31,"DONALD L. MOONEY ENTERPRISES, LLC",12.3,Q401,"PEDIATRIC REGISTERED NURSE, PEDIATRICS",HT001423F0001,2022-10-01,"THE ARORA GROUP, INC.",32.7,Q401,CERTIFIED REGISTERED NURSE ANESTHESIA,wrong_match,
changed,high,3.27,0.52,-198.0,DHA ENTERPRISE MED SUPPORT EMS-CD,HT001515F0071,2019-03-16,INSERSO CORPORATION,9.1,D321,IGF::OT::IGF INFORMATION TECHNOLOGY SERVICES EMS OPERATIONS AND SUSTAINMENT SERVICES,HT001518F0092,2018-08-30,XTREME SOLUTIONS INC,2.0,D321,OPERATIONS AND SUSTAINMENT INFORMATION TECHNOLOGY IT SERVICES,same_requirement,
changed,high,5.94,1.0,1.0,USTRANSCOM-AQ,HTC71120F1033,2020-09-30,PATRIOT TEAM,72.8,V221,CIVIL RESERVE AIR FLEET - AIR TRANSPORTATION SERVICES,HTC71121F1029,2020-10-01,FEDERAL EXPRESS CORPORATION,78.4,V221,CIVIL RESERVE AIR FLEET - AIR TRANSPORTATION SERVICES,partial,
changed,high,3.06,0.58,8.0,NAVSUP WEAPON SYSTEMS SUPPORT,N0038318F0PV0,2019-09-24,"ROCKWELL COLLINS, INC.",21.0,5998,FIRST DELIVERY ORDER UNDER PERFORMANCE BASED LOGISTICS CONTRACT IN SUPPORT OF F-18 HEADS UP DISPLAY COMPONENTS,N0038320F0U00,2019-10-02,SIKORSKY AIRCRAFT CORPORATION,159.0,5998,FIRST DELIVERY ORDER UNDER PERFORMANCE BASED LOGISTICS CONTRACT IN SUPPORT OF H-53 PHASE II,wrong_match,
changed,high,5.2,0.88,-71.0,NAVAL SURFACE WARFARE CENTER,N6133118F3006,2024-06-05,"INNOVATIVE PROFESSIONAL SOLUTIONS, INC.",13.7,R425,"ENGINEERING AND TECHNICAL SUPPORT FOR THE IN-SERVICE MINES, MINE COUNTERMEASURES (MCM) TARGETS AND MINE IMPROVEMENTS PROGRAM",N6133124F3001,2024-03-26,"APPLIED TECHNICAL SYSTEMS, INC.",6.0,R425,"ENGINEERING AND TECHNICAL SUPPORT FOR IN-SERVICE MINES, MINE COUNTERMEASURES (MCM) TARGETS, MINE IMPROVEMENTS, AND NEW CONCEPT MINES",same_requirement,
changed,high,3.95,0.67,-131.0,ACQUISITIONS - AQM MOMENTUM,SAQMMA12C0021,2018-12-31,CONTINUITY GLOBAL SOLUTIONS LLC,13.6,S206,LOCAL GUARD SERVICES US MISSION ZAMBIA.,19AQMM18C0136,2018-08-22,G4S SECURE INTEGRATION LLC,9.1,S206,LOCAL GUARD SERVICES FOR U.S. MISSION QATAR,wrong_match,
changed,medium,2.96,0.51,191.0,ACQUISITIONS - AQM MOMENTUM,SAQMMA16C0018,2022-07-31,SAFEGUARD SECURITY SERVICES (PVT) LTD,25.6,S206,LGF ZIMBABAWE: IGF::OT::IGF FOR OTHER FUNCTIONS,19AQMM23C0024,2023-02-07,"CENTR GROUP SR, S. R. O.",4.8,S206,LGF SERVICES- U.S. EMBASSY BRATISLAVA,wrong_match,
changed,high,5.64,1.0,-149.0,DLA DISTRIBUTION,SP330021F5029,2022-09-30,TECHNICA LLC,14.2,S215,SERVICES TO PERFORM WAREHOUSING AND DISTRIBUTION OPERATIONS,SP330022F5024,2022-05-04,"RED RIVER SCIENCE & TECHNOLOGY, LLC",9.8,S215,SERVICES TO PERFORM WAREHOUSING AND DISTRIBUTION OPERATIONS,same_requirement,
changed,high,5.18,1.0,226.0,DLA TROOP SUPPORT,SPE3S125F0039,2025-04-30,"BAXTERS NORTH AMERICA, INC.",88.5,8970,"8510952474!MEAL, READY-TO-EAT, IND,",SPE3S126F0212,2025-12-12,"SO-PAK-CO, INC",103.7,8970,"8511811028!MEAL, READY-TO-EAT, IND,",same_requirement,
changed,medium,5.39,1.0,2.0,DLA TROOP SUPPORT,SPE8ED23C0010,2024-04-01,"SEA BOX, INC.",6.8,8145,8509927153!CONTAINERS IST - PHILADELPHIA,SPE8ED24C0006,2024-04-03,"INTREPID EAGLE LOGISTICS, INC.",5.4,8145,8510514943!CONTAINERS IST - PHILADELPHIA,same_requirement,
changed,high,4.36,1.0,-127.0,DLA TROOP SUPPORT,SPE8EL20FL2E1,2021-09-14,QUANTICO TACTICAL INCORPORATED,7.3,4220,4551104738!AF SFC COMM UTC V1 - V3.1 RETROFIT KIT,SPE8EL21FJ09M,2021-05-10,W S DARLEY & CO,2.0,4220,4553496519!AF SFC COMM UTC V1 - V3.1 RETROFIT KIT,same_requirement,
changed,medium,4.21,1.0,-230.0,DLA TROOP SUPPORT,SPE8EL22F15FR,2023-12-18,"ATLANTIC DIVING SUPPLY, INC.",11.9,4220,4557929174!OPERATIONS CENTER C4I MODULE,SPE8EL23FJ17N,2023-05-02,W S DARLEY & CO,3.1,4220,4560841627!OPERATIONS CENTER C4I MODULE,same_requirement,
changed,high,4.4,1.0,-19.0,W6QK ACC-APG,W15P7T23F0040,2024-09-30,"L3HARRIS TECHNOLOGIES, INC.",265.5,7G22,"MANPACK FULL RATE PRODUCTION (FRP) 3 COMPETITIVE PROCUREMENT AWARD OF RADIO TRANSMITTERS, WARRANTIES, RELATED ANCILLARY EQUIPMENT, AND SERVICES INCLUDING KEY PE",W15P7T24F0062,2024-09-11,"ROCKWELL COLLINS, INC.",142.5,5820,"MANPACK FULL RATE PRODUCTION (FRP)4 COMPETITIVE PROCUREMENT AWARD OF RADIO TRANSMITTERS, WARRANTIES, RELATED ANCILLARY EQUIPMENT, AND SERVICES INCLUDING KEY PER",same_requirement,
changed,high,3.62,0.59,48.0,W6QK ACC-RI,W519TC23F0158,2025-04-30,AMERICAN ORDNANCE LLC,22.6,1315,81/120MM MORTAR PROPELLING CHARGES,W519TC25F0140,2025-06-17,"GENERAL DYNAMICS ORDNANCE & TACTICAL SYSTEMS, INC.",41.3,1315,"AWARD OF DELIVERY ORDER FOR 60MM, 81MM AND 120MM MORTAR PROPELLING CHARGES.",same_requirement,
changed,high,3.25,0.46,-4.0,W0DA US ARMY SUSTAINMENT CMD,W52P1J19F0168,2020-03-31,"GENERAL DYNAMICS ORDNANCE & TACTICAL SYSTEMS, INC.",9.4,1315,"590,054 60MM M235 MORTAR PROPELLING CHARGES&60,495 60MM M236 MORTAR PROPELLING CHARGES",W52P1J20F0153,2020-03-27,AMERICAN ORDNANCE LLC,11.3,1315,60/81/120MM MORTAR PROPELLING CHARGES,same_requirement,
changed,high,3.33,0.38,-27.0,W071 ENDIST KANSAS CITY,W912DQ17F3001,2023-01-11,"HYDROGEOLOGIC, INC.",11.1,F108,"IGF::OT::IGF  CONTRACT TASK ORDER FOR THE OPERATION AND MAINTENANCE OF A GROUNDWATER EXTRACTION AND TREATMENT SYSTEM, FORMER BLAINE NAVAL AMMUNITION DEPOT, HAST",W912DQ23F3010,2022-12-15,ECC ENVIRONMENTAL LLC,10.8,F108,GROUNDWATER EXTRACTION AND TREATMENT SYSTEM OPERATION AND MAINTENANCE AT THE FORMER NEBRASKA ORDNANCE PLANT,same_requirement,
changed,high,3.01,0.39,-86.0,W2V6 USA ENG SPT CTR HUNTSVIL,W912DY18F0024,2018-11-30,NIKA TECHNOLOGIES INC,8.1,C212,LABOR-AFMSA HEALTH FACILITIES TECH SPPT,W912DY18F0653,2018-09-05,SEVEN GENERATIONS ARCHITECTURE & ENGINEERING LLC,2.5,C212,IGF::OT::IGF LABOR-AFMSA ENG. DRAWING REPOSITORY,wrong_match,
changed,medium,2.45,0.57,249.0,W07V ENDIST NEW ORLEANS,W912P815C0055,2020-08-31,CHUSTZ SURVEYING LLC,6.2,C211,MISSISSIPPI RIVER LEVEE REVETMENTS IGF::OT::IGF,W912P821F0113,2021-05-07,SAPPER SOLUTIONS LLC,1.2,R408,"PM SUPPORT MISSISSIPPI RIVER AND TRIBUTARIES, MISSISSIPPI RIVER LEVEE CONSTRUCTION, MRL INVESTIGATIONS ACCOUNT, FLOODPLAIN MANAGEMENT SERVICES PROGRAM, AND OTHE",wrong_match,
changed,high,3.72,0.64,111.0,W6QK ACC-APG,W91CRB20F0358,2022-11-04,FLORIDA ARMOR LLC,8.0,8470,THIS ORDER IS AWARDED FOR PRODUCTION QUANTITIES OF ENHANCED SIDE BALLISTIC INSERT HARD ARMOR PLATES IN ACCORDANCE WITH NOTICE OF FAIR OPPORTUNITY 0003.,W91CRB23F0074,2023-02-23,LEADING TECHNOLOGY COMPOSITES INC,16.4,8470,THIS ORDER IS AWARDED FOR PRODUCTION QUANTITIES OF ENHANCED SMALL ARMS PROTECTIVE INSERTS (ESAPI) HARD ARMOR PLATES IN ACCORDANCE WITH NOTICE OF FAIR OPPORTUNIT,partial,
changed,high,4.7,0.93,-135.0,W6QK ACC-APG,W91CRB21F0194,2022-04-07,LEADING TECHNOLOGY COMPOSITES INC,8.5,8470,THIS ORDER IS AWARDED FOR PRODUCTION QUANTITIES OF ENHANCED SMALL ARMS PROTECTIVE INSERTS (ESAPI) HARD ARMOR PLATES IN ACCORDANCE WITH THE NOTICE OF FAIR OPPORT,W91CRB22F0062,2021-11-23,"INTEGRIS COMPOSITES, INC.",21.1,8470,THIS ORDER IS AWARDED FOR PRODUCTION QUANTITIES OF ENHANCED SMALL ARMS PROTECTIVE INSERTS (ESAPI) HARD ARMOR PLATES IN ACCORDANCE WITH THE NOTICE OF FAIR OPPORT,same_requirement,
changed,high,3.64,0.7,127.0,0411 AQ HQ     CONTRACT AUG,W91QVN24F0034,2024-06-30,"SAMCHULLY CO.,LTD.",8.3,S111,SUPPLY OF NATURAL GAS FOR USAG HUMPHREYS,W91QVN25F0074,2024-11-04,"DAERYUN E&S CO., LTD.",1.7,S111,SUPPLY OF NATURAL GAS FOR USAG CASEY,wrong_match,
retained,high,3.67,0.65,-12.0,SECURITIES AND EXCHANGE COMMISSION,0001,2019-07-31,"ASCELLA TECHNOLOGIES, INC.",11.7,R703,IGF::OT::IGF FOR OTHER FUNCTIONS- FILING FEE CONSULTING AND ADMINISTRATIVE SUPPORT SERVICES - THIS IS NOT AN INHERENTLY GOVERNMENTAL FUNCTION.,50310219F0113,2019-07-19,"ASCELLA TECHNOLOGIES, INC.",3.7,R703,FILING FEE CONSULTING AND ADMINISTRATIVE SERVICES (IT SUPPORT),same_requirement,
retained,medium,2.27,0.34,336.0,W6QK ACC-APG-ORLANDO,0007,2021-09-30,BY LIGHT PROFESSIONAL IT SERVICES LLC,10.8,6930,"CAAS 8.0 COMMON BASELINE INTEGRATION: DO 0007 CONTRACTOR TASKS FOR THE DEVELOPMENT AND TESTING OF THE COMMON AVIONICS ARCHITECTURE SYSTEM (CAAS) 8.0 UPDATE, JOI",W900KK22F0112,2022-09-01,BY LIGHT PROFESSIONAL IT SERVICES LLC,3.8,6930,"SOFTWARE UPGRADES OF THE MH-60-1, MH-60-2, MH-47-1, MH-47-2 CMS, THE A/MH 6 LITTLE BIRD (LASAR/ CFTD) AND TO THE TRAINING SIMULATION SUPPORT CAPABILITIES.",partial,
retained,medium,4.07,0.65,25.0,USDA  AMS  3J14,123J1422C0689,2022-07-15,LAKESIDE FOODS INC,8.8,8905,COMMODITIES FOR USG FOOD DONATIONS: 2000008223/4100024739/PORK CAN-24/24 OZ,123J1422C2025,2022-08-09,LAKESIDE FOODS INC,8.5,8905,"COMMODITIES FOR USG FOOD DONATIONS: 2000008692/4100026029/PORK CAN-24/24 OZ,BEEF CAN-24/24 OZ",same_requirement,
retained,high,5.31,1.0,92.0,USDA  AMS  3J14,123J1423C1212,2024-01-31,"TRANSYLVANIA VOCATIONAL SERVICES, INC",6.3,8910,COMMODITIES FOR USG FOOD DONATIONS: 2000009275/4100027409/MILK INSTANT NDM PKG-24/12.8 OZ,123J1424C1511,2024-05-02,"TRANSYLVANIA VOCATIONAL SERVICES, INC",8.8,8910,COMMODITIES FOR USG FOOD DONATIONS: 2000010034/4100029845/MILK INSTANT NDM PKG-24/12.8 OZ,same_requirement,
retained,high,4.04,0.63,328.0,USDA  AMS  3J14,123J1423F0058,2023-09-30,"AMERICOLD LOGISTICS, LLC",10.0,V112,SUPPORT SERVICES FOR USG FOOD DONATIONS: /4400000679/4300011710/3PL SERVICES,123J1424F2462,2024-08-23,"AMERICOLD LOGISTICS, LLC",12.5,V112,SUPPORT SERVICES FOR USG FOOD DONATIONS: /4400002274/4300013516/3PL SERVICES,same_requirement,
retained,medium,4.2,0.74,44.0,USDA  AMS  3J14,123J1423F2037,2024-06-30,GREAT LAKES CHEESE CO INC,6.0,8910,COMMODITIES FOR USG FOOD DONATIONS: 2000009497/4400001829/4100028184/CHEESE CHED YEL CHUNKS-PKG 12/1 LB,123J1424C2409,2024-08-13,GREAT LAKES CHEESE CO INC,2.9,8910,"COMMODITIES FOR USG FOOD DONATIONS: 2000010263/4100030722/CHEESE CHED YEL CHUNKS-PKG 12/2 LB,CHEESE CHED YEL CHUNKS-PKG 12/1 LB",same_requirement,
retained,high,3.29,0.57,-257.0,FA8620  AFLCMC WIJK    BIG SAFARI,1369,2019-04-30,L3HARRIS TECHNOLOGIES INTEGRATED SYSTEMS L.P.,265.5,J015,IGF::CT::IGF ACAT III BIG SAFARI PROJECT LIBERTY CLS VI,FA862018F4813,2018-08-16,L3HARRIS TECHNOLOGIES INTEGRATED SYSTEMS L.P.,44.7,J015,IGF::OT::IGF ACAT III BIG SAFARI,partial,
retained,high,3.23,0.35,-17.0,IBC ACQ SVCS DIRECTORATE (00004),140D0421C0007,2025-09-15,"STG INTERNATIONAL, INC.",11.0,U099,"HEAD START TRAINING AND TECHNICAL ASSISTANCE (TTA) SERVICES FOR THE ADMINISTRATION FOR CHILDREN AND FAMILIES (ACF), REGION VIII",140D0425C0024,2025-08-29,"STG INTERNATIONAL, INC.",2.5,U099,OFFICE OF HEAD START REGION 8 TRAINING AND TECHNICAL ASSISTANCE SUPPORT,partial,
retained,high,4.33,0.9,-1.0,PENSION BENEFIT GUARANTY CORP,16PBGC18C5001,2023-03-31,STATE STREET CORPORATION,51.6,R711,PRIMARY PAYING AGENT,16PBGC23C0008,2023-03-30,STATE STREET CORPORATION,40.9,R499,PRIMARY PAYING AGENT SERVICES,same_requirement,
retained,high,5.4,0.93,-57.0,SAC FREDERICK (36C10X),36C10X20N0015,2020-11-27,QTC MEDICAL SERVICES INC,44.2,Q403,"MEDICAL DISABILITY EXAMINATIONS (MDES) UNDER SECTION 504 OF THE VETERANS BENEFITS IMPROVEMENTS ACT OF 1996 (PUBLIC LAW 104 275 38 U.S.C. 5101), REGION 2 (SOUTHE",36C10X21N0011,2020-10-01,QTC MEDICAL SERVICES INC,84.6,Q403,"MEDICAL DISABILITY EXAMINATIONS (MDES) UNDER SECTION 504 OF THE VETERANS BENEFITS IMPROVEMENTS ACT OF 1996 (PUBLIC LAW 104 275 38 U.S.C. 5101), REGION 1 (NORTHE",same_requirement,
retained,high,4.5,1.0,360.0,261-NETWORK CONTRACT OFFICE 21 (36C261),36C26124N0661,2025-05-31,"JOURNEY VIA GURNEY, LLC",6.4,V225,SPECIAL MODE TRANSPORTATION SERVICES,36C26126N0446,2026-05-26,"JOURNEY VIA GURNEY, LLC",7.5,V119,SPECIAL MODE TRANSPORTATION SERVICES,same_requirement,
retained,high,3.98,0.6,163.0,NATIONAL CMOP OFFICE (36C770),36C77020N0022,2020-10-31,DLH SOLUTIONS INC,10.6,Q517,"PROVIDE PHARMACIST/PHARMACY TECHNICIAN SERVICES TO THE TUCSON, AZ CMOP",36C77021N0136,2021-04-12,DLH SOLUTIONS INC,5.0,Q517,"PHARMACIST/PHARMACY TECHNICIAN SUPPLEMENTAL STAFFING SERVICES TUCSON, AZ CMOP FACILITY  OPTION PERIODS 01&02",same_requirement,
retained,medium,5.2,0.85,-108.0,ADMINISTRATION FACILITIES TRAINING CONTRACTING DIVISION,70B01C23F00000061,2023-12-11,"CENTERRA GROUP, LLC",8.1,S206,SOUTHWEST BORDER ARMED FACILITY GUARDS - TUCSON REGION,70B01C23F00000806,2023-08-25,"CENTERRA GROUP, LLC",20.0,S206,SOUTHWEST BORDER ARMED FACILITY GUARDS,same_requirement,
retained,high,3.2,0.35,0.0,FPS EAST CCG DIV 2 ACQ DIV,70RFP225FREC00009,2025-09-30,KR-MTAC LLC,6.4,S206,PROTECTIVE SECURITY OFFICER (PSO) SERVICES IN VIRGINIA SECTION 2(D),70RFP225FREC00059,2025-09-30,KR-MTAC LLC,10.6,S206,PROTECTIVE SECURITY OFFICER SERVICES AT VARIOUS LOCATIONS THROUGHOUT NORTHERN VIRGINIA,same_requirement,
retained,high,4.77,0.7,15.0,CLOSEOUT,70T01019C9EHRM039,2020-04-28,"LEIDOS, INC.",33.2,D325,"THE PURPOSE OF CONTRACT 70T01019C9EHRM039 IS TO PROVIDE DATA CENTER OPERATIONS AND SYSTEM SUPPORT SERVICES FOR THE DEPARTMENT OF HOMELAND SECURITY (DHS), TRANSP",70T01020C9EHRM024,2020-05-13,"LEIDOS, INC.",35.7,D325,"THE PURPOSE OF CONTRACT 70T01020C9EHRM024 IS FOR DATA CENTER OPERATIONS AND SYSTEM SUPPORT SERVICES FOR THE TRANSPORTATION SECURITY ADMINISTRATION, HUMAN CAPITA",same_requirement,
retained,medium,2.63,0.35,-82.0,NATIONAL INSTITUTES OF HEALTH NIAID,75N93018F00282,2020-09-28,"MEDICAL SCIENCE & COMPUTING, LLC",8.1,R499,"IGF::OT::IGF  PROFESSIONAL, TECHNICAL, AND SCIENTIFIC SUPPORT SERVICES TO THE DIR AND VRC.",75N93020F00046,2020-07-08,"MEDICAL SCIENCE & COMPUTING, LLC",1.2,R499,"MSC PSTSS TO 147 NIAID PROFESSIONAL SCIENTIFIC, AND TECHNICAL SUPPORT SERVICES FOR DIR/LPD",partial,
retained,medium,2.32,0.35,18.0,NATIONAL INSTITUTES OF HEALTH OLAO,75N98021F00002,2021-07-31,ENVIGO GLOBAL SERVICES INC,22.2,8820,"IO NON-HUMAN PRIMATE(NHP,RHESUS, SPF, MIXED GENDER, PRIMATES AND PER DIEM AND TESTING OF THE DMID NHP COLONY REQUIREMENTS OUTLINE IN RFQ DM1 COVID-19",75N98021F00002,2021-08-18,ENVIGO GLOBAL SERVICES INC,4.2,8820,"75N98021D00015 ENVIGO GLOBAL SERVICES INC.; PER DIEM, TESTING AND SHIPPING SERVICES IN SUPPORT OF THE NIH/NIAID/DMID NHP COLONY; CAN 8051543; $4,200,000.00",same_requirement,
retained,medium,2.33,0.45,-11.0,CONTRACTS AND ACQUISTIONS MANAGEMEN,91990019C0049,2024-12-31,NCS PEARSON INC,44.9,R499,"EO14042 NATIONAL ASSESSMENT OF EDUCATIONAL PROGRESS MATERIALS DISTRIBUTION PROCESSING AND SCORING CONTRACT FOR THE NATIONAL CENTER FOR EDUCATION STATISTICS, INS",91990025C0005,2024-12-20,NCS PEARSON INC,10.0,B506,THIS AWARD IS FOR THE NATIONAL ASSESSMENT OF EDUCATIONAL PROGRESS SCORING.,same_requirement,
retained,medium,2.66,0.54,-9.0,JMD-PROCUREMENT SERVICES SECTION,DJJ25150022,2021-12-31,"PROJECT PERFORMANCE COMPANY, LLC",7.5,R410,IGF::CT::IGF.  VNS MODERNIZATION YRG$,15JPSS22F00000149,2021-12-22,"PROJECT PERFORMANCE COMPANY, LLC",28.0,DB02,VNS OPERATIONS AND MAINTENANCE SUPPORT,partial,
retained,high,3.67,0.52,56.0,CPO : RESEARCH AND COMMUNITY SUPPOR,DU100R16T00008,2022-02-28,"CLOUDBURST CONSULTING GROUP, INC.",16.5,R408,"CPD DATA ANALYSIS, REPORTING, AND CUSTOMER SUPPORT SERVICES IGF::CT::IGF",86615722C00005,2022-04-25,"CLOUDBURST CONSULTING GROUP, INC.",5.1,R408,"CPD DATA ANALYSIS, REPORTS AND SUPPORT SERVICES.",same_requirement,
retained,high,5.02,1.0,214.0,FA5209  374 CONS PK,FA520923F9086,2023-09-30,"TOKYO GAS CO.,LTD.",20.4,S111,NATURAL GAS AT YOKOSUKA NAVAL BASE,FA520924F9148,2024-05-01,"TOKYO GAS CO.,LTD.",10.1,S111,NATURAL GAS AT YOKOSUKA NAVAL BASE,same_requirement,
retained,high,3.63,0.55,18.0,DCMA AIMO GREENVILLE,FA813419F3011,2020-03-15,GULFSTREAM AEROSPACE CORPORATION,9.9,J015,CONTRACTOR LOGISTICS SERVICES FOR USN/USMC C-20 FLEET.,FA813420F3609,2020-04-02,GULFSTREAM AEROSPACE CORPORATION,11.6,J015,ENGINEERING SERVICES FOR THE USN C-20 FLEET,partial,
retained,high,3.85,0.81,-198.0,FA8528  AFLCMC WIKA,FA852819F0011,2020-11-14,LOCKHEED MARTIN CORPORATION,11.7,1560,U-2 PDM INDUCTION FOR A/C 1092,FA852820F0030,2020-04-30,LOCKHEED MARTIN CORPORATION,15.7,1560,U-2 PDM INDUCTION FOR A/C 1077,partial,
retained,high,3.85,0.66,-2.0,FA8650  USAF AFMC AFRL PZL AFRL/PZL,FA865016F4102,2020-12-02,SOLUTIONS THROUGH INNOVATIVE TECHNOLOGIES INC,18.4,R499,IGF::OT::IGF OASIS TASK ORDER CONSOLIDATED HEADQUARTERS ADVISORY AND ASSISTANCE SERVICES CONTRACT (CHAAS),FA865021C4108,2020-11-30,SOLUTIONS THROUGH INNOVATIVE TECHNOLOGIES INC,10.2,R499,CONSOLIDATED HEADQUARTERS ADVISORY & ASSISTANCE SUPPORT CONTRACT,same_requirement,
retained,high,3.54,0.53,341.0,FA8675  AFLCMC EBAK,FA867519F1001,2020-12-31,RAYTHEON COMPANY,16.1,L014,AMRAAM DEVELOPMENT LAB MANAGEMENT AND MAINTENANCE SUPPORT,FA867522F3001,2021-12-07,RAYTHEON COMPANY,10.5,L014,ADVANCED MEDIUM RANGE AIR-TO-AIR MISSILE DEVELOPMENT LAB MANAGEMENT AND MAINTENANCE,same_requirement,
retained,high,4.09,0.64,-190.0,FA8556 AFLCMC EBUK,FA867521F2010,2024-03-31,RAYTHEON COMPANY,7.3,R425,ADVANCED MEDIUM RANGE AIR TO AIR MISSILE PROGRAM SUPPORT AND ANNUAL SUSTAINMENT NON WARRANTY REPAIRS,FA867523FB018,2023-09-23,RAYTHEON COMPANY,3.5,R425,ADVANCED MEDIUM RANGE AIR TO AIR MISSILE,same_requirement,
retained,medium,2.39,0.46,336.0,FA8726  AFLCMC HNK C3IN,FA872624FB018,2025-02-28,CARAHSOFT TECHNOLOGY CORP,7.5,7A21,SPLUNK 2401 ORIGINAL EQUIPMENT MANUFACTURER PURCHASE,FA872626FB025,2026-01-30,CARAHSOFT TECHNOLOGY CORP,1.5,7A21,SOFTWARE AND PRODUCT SUPPORT SERVICES FROM THE ORIGINAL EQUIPMENT MANUFACTURER (OEM) DELL (EMC).,wrong_match,
retained,high,4.5,0.66,61.0,FA8811 ASSRD ACSS TO SPC SSC/AAK-LA,FA881123F0031,2024-08-18,SPACE EXPLORATION TECHNOLOGIES CORP.,115.3,V126,NATIONAL SECURITY SPACE LAUNCH SERVICES,FA881125FB002,2024-10-18,SPACE EXPLORATION TECHNOLOGIES CORP.,155.2,V126,NATIONAL SECURITY SPACE LAUNCH PHASE 3 LANE 1,same_requirement,
retained,high,3.3,0.37,1.0,FA8903  772 ESS PK,FA890320F1149,2021-08-06,"JONES LANG LASALLE AMERICAS, INC.",7.7,R499,AIR FORCE PRIVATIZATION POST CLOSING MANAGEMENT 2013 HOUSING PRIVATIZATION PROGRAM SUPPORT,FA890321C0007,2021-08-07,"JONES LANG LASALLE AMERICAS, INC.",12.3,R499,POST CLOSING MANAGEMENT SERVICES-INTERIM CONTRACT,same_requirement,
retained,medium,2.44,0.32,-2.0,WASHINGTON HEADQUARTERS SERVICES,HQ003424C0053,2025-08-31,"MORGAN 6, LLC",11.1,R499,IRREGULAR WARFARE CENTER PROGRAM SUPPORT SERVICES,HQ003425CE073,2025-08-29,"MORGAN 6, LLC",9.1,R499,THE DEFENSE SECURITY COOPERATION AGENCY (DSCA) HAS A NEED FOR NON-PERSONAL SERVICES IN SUPPORT OF THE IRREGULAR WARFARE CENTER (IWC). PLEASE SEE THE ATTACHED PE,partial,
retained,high,5.4,0.87,0.0,MISSILE DEFENSE AGENCY (MDA),HQ085820C0007,2025-06-30,HUNTSVILLE REHABILITATION FOUNDATION,43.2,S201,"THE CONTRACTOR SHALL PROVIDE ALL LABOR, MANAGEMENT, SUPERVISION, EQUIPMENT AND SUPPLIES REQUIRED TO OPERATE MDA CUSTODIAL SERVICES IN MULTIPLE LOCATIONS TO MAIN",HQ085425CE001,2025-06-30,"HUNTSVILLE REHABILITATION FOUNDATION, INC.",12.9,S201,"THE CONTRACTOR SHALL PROVIDE ALL LABOR, MANAGEMENT, SUPERVISION, EQUIPMENT, TOOLS AND SUPPLIES REQUIRED TO OPERATE MDA CUSTODIAL SERVICES IN MULTIPLE LOCATIONS ",partial,
retained,high,5.39,0.88,-4.0,OFC OF ACQUSITION  GRANTS-NATIONAL,ING16PC00006,2021-01-31,DAVIS MEMORIAL GOODWILL INDUSTRIES,10.0,S201,"CUSTODIAL/JANITORIAL/HOUSEKEEPING, CARPET CLEANING AND PEST CONTROL SERVICES FOR THE USGS IN RESTON, VA  (OTHER FUNCTION - IGF::OT::IGF)",140G0121C0003,2021-01-27,DAVIS MEMORIAL GOODWILL INDUSTRIES,12.7,S201,"JANITORIAL/HOUSEKEEPING, FLOOR CARE/CARPET CLEANING, AND PEST CONTROL SERVICES FOR THE USGS IN RESTON, VA",same_requirement,
retained,high,5.73,1.0,-22.0,COMMANDING OFFICER,M0031822C0002,2025-04-30,DEPARTMENT OF HUMAN SERVICES HAWAII,15.7,S203,MANAGEMENT & MESS HALL ATTENDANT SERVICE,M0031825C0001,2025-04-08,DEPARTMENT OF HUMAN SERVICES HAWAII,11.8,S203,MANAGEMENT & MESS HALL ATTENDANT SERVICE,same_requirement,
retained,high,3.29,0.38,193.0,MSCHQ NORFOLK,N3220524C4221,2024-10-18,DETYENS SHIPYARDS INC,22.3,J998,N104A2 / PM2 / T. HALE / USNS ZEUS REGULAR OVERHAUL AND DRY-DOCKING (ROH/DD),N3220525C4123,2025-04-29,DETYENS SHIPYARDS INC,23.7,J998,USNS ARCTIC REGULAR OVERHAUL AND DRY-DOCKING FISCAL YEAR 2025.,wrong_match,
retained,high,4.36,0.94,-4.0,NIWC PACIFIC,N6600119F6173,2023-03-27,ACCELINT GLOBAL INC.,9.1,AC64,SERVICES IAW SOW: PEOC4I STOREFRONT/APPLICATION ARSENAL AND NAVY NET-CENTRIC APPLICATION SUPPORT,N6600123F3509,2023-03-23,ACCELINT GLOBAL INC.,20.2,DA01,PEOC4I STOREFRONT/APPLICATION ARSENAL AND NAVY NET-CENTRIC APPLICATION SUPPORT,same_requirement,
retained,medium,2.35,0.37,-23.0,NUWC DIV NEWPORT,N6660420F3902,2024-07-26,MIKEL INC,36.9,R706,"CONFIGURATION MANAGEMENT, INTEGRATED LOGISTICS, IN-SERVICE ENGINEERING AND PROJECT MANAGEMENT SUPPORT SERVICES FOR SUBMARINE COMMAND AND CONTROL SYSTEMS FOR COD",N6660424F3010,2024-07-03,MIKEL INC,23.6,AC33,"CONFIGURATION MANAGEMENT, INTEGRATED LOGISTICS SUPPORT, IN-SERVICE ENGINEERING SUPPORT, DATA AND PROJECT MANAGEMENT, AND REPAIR SERVICES FOR FAILED PARTS AND UN",same_requirement,
retained,high,5.17,1.0,94.0,DLA TROOP SUPPORT,SPE1C122C0002,2025-05-02,ARMORSOURCE LLC,6.1,8470,"8508741506!SHELL,COMBAT VEHICL",SPE1C125F5220,2025-08-04,ARMORSOURCE LLC,2.8,8470,"8511547752!SHELL,COMBAT VEHICL",same_requirement,
retained,high,4.25,1.0,276.0,DLA TROOP SUPPORT,SPE8EL21F1098,2021-11-05,"ATLANTIC DIVING SUPPLY, INC.",9.2,4220,4553035589!OPERATIONS CENTER C4I MODULE,SPE8EL22F160S,2022-08-08,"ATLANTIC DIVING SUPPLY, INC.",2.6,4220,4558048348!OPERATIONS CENTER C4I MODULE,same_requirement,
retained,medium,2.09,0.32,200.0,DLA TROOP SUPPORT,SPE8EL21F1H72,2021-10-07,"ATLANTIC DIVING SUPPLY, INC.",5.3,4220,4552427457!PRESSURE TOLERANT BATTERY BLOCK; 20.72 K,SPE8EL22F12KM,2022-04-25,"ATLANTIC DIVING SUPPLY, INC.",21.7,4220,4557005648!C146 WST #2 (BLOCK 20+ CONFIGURATION),wrong_match,
retained,high,3.89,0.79,73.0,DLA TROOP SUPPORT,SPE8EL22FW0KR,2022-12-22,"NOBLE SUPPLY & LOGISTICS, LLC",6.2,4220,4556964933!TACTICAL NETWORK ENCRYPTION KIT- VERSION,SPE8EL23FW0JC,2023-03-05,"NOBLE SUPPLY & LOGISTICS, LLC",3.1,4220,4560176421!TACTICAL NETWORK KIT VERSION WM10701D,partial,
retained,high,4.31,1.0,-17.0,DLA TROOP SUPPORT,SPE8EL23F1DE4,2024-09-16,"ATLANTIC DIVING SUPPLY, INC.",10.9,4220,4562365416!NETWORK OPERATIONS MODULE,SPE8EL24F1B7G,2024-08-30,"ATLANTIC DIVING SUPPLY, INC.",1.6,4220,4565659505!NETWORK OPERATIONS MODULE,same_requirement,
retained,high,4.3,1.0,173.0,DLA TROOP SUPPORT,SPE8EL23FW0N0,2023-09-28,"NOBLE SUPPLY & LOGISTICS, LLC",6.5,4220,4560391435!AERO CONNECTIVITY SERVICE SUBSCRIPTION A,SPE8EL24FW0T5,2024-03-19,"NOBLE SUPPLY & LOGISTICS, LLC",1.4,4220,4564068955!AERO CONNECTIVITY SERVICE SUBSCRIPTION A,same_requirement,
retained,high,4.52,1.0,-169.0,DLA TROOP SUPPORT,SPE8EL24F19C4,2025-09-09,"ATLANTIC DIVING SUPPLY, INC.",7.2,4220,4565549243!GARC ENHANCED COMMUNICATIONS RANGE HARDW,SPE8EL25F13YJ,2025-03-24,"ATLANTIC DIVING SUPPLY, INC.",3.8,4220,4567702033!GARC ENHANCED COMMUNICATIONS RANGE HARDW,same_requirement,
retained,high,5.94,1.0,0.0,OFFICE OF THE CHIEF PROCUREMENT OFFICER,TEPS1734761,2022-05-31,DAVIS MEMORIAL GOODWILL INDUSTRIES,18.4,S201,"IGF::OT::IGF JANITORIAL, FREIGHT ELEVATOR OPERATIONS FOR THE MAIN, ANNEX AND LANDOVER FACILITIES.",2031ZA22C00180,2022-05-31,DAVIS MEMORIAL GOODWILL INDUSTRIES,17.6,S201,"JANITORIAL, FREIGHT ELEVATOR OPERATIONS FOR THE MAIN, ANNEX AND LANDOVER FACILITIES.",same_requirement,
retained,medium,2.44,0.54,-52.0,W6QK ACC-RI-PICATINNY,W15QKN19F0168,2021-05-07,SAAB DYNAMICS AKTIEBOLAG,16.7,1005,PURCHASE 579 MAAWS RIFLES,W15QKN21F0145,2021-03-16,SAAB DYNAMICS AKTIEBOLAG,12.1,1095,AWARD DELIVERY ORDER FOR M3E1 MAAWS RIFLES.,same_requirement,
retained,high,4.49,0.78,1.0,0409 AQ HQ     CONTRACT,W564KV23CC001,2023-09-30,FOREIGN UTILITY CONSOLIDATED REPORTING,14.3,S111,CONSOLIDATED REPORT FOR UTILITY SERVICES (NATURAL GAS COMPETED) FY23 1ST QTR.,W564KV24CC001,2023-10-01,FOREIGN UTILITY CONSOLIDATED REPORTING,10.7,S111,CONSOLIDATED REPORT FOR UTILITY SERVICES (NATURAL GAS COMPETED) FY24 1ST QTR.,same_requirement,
retained,high,4.44,0.76,1.0,0409 AQ HQ     CONTRACT,W564KV23CC002,2023-09-30,FOREIGN UTILITY CONSOLIDATED REPORTING,114.9,S112,CONSOLIDATED REPORT FOR UTILITY SERVICES (ELECTRICITY COMPETED) FY23 1ST QTR.,W564KV24CC002,2023-10-01,FOREIGN UTILITY CONSOLIDATED REPORTING,93.5,S112,CONSOLIDATED REPORT FOR UTILITY SERVICES (ELECTRICITY COMPETED) FY24 1ST QTR.,same_requirement,
retained,high,5.45,0.89,72.0,W40M MRC0 WEST,W81K0021P0190,2023-10-31,MAGNIFICUS CORPORATION,8.4,Q401,SOLDIER READINESS PROCESSING SERVICES,W81K0024P0002,2024-01-11,MAGNIFICUS CORPORATION,6.8,Q401,SOLDIER READINESS PROCESSING,same_requirement,
retained,medium,2.06,0.34,-12.0,W6QK ACC-APG-ORLANDO,W900KK19C0052,2023-04-30,"LOCKHEED MARTIN GLOBAL, INC.",25.3,6910,PROCUREMENT OF ROYAL SUADI LAND FORCE ARMOR CORPS ADVANCED GUNNERY TRAINING SYSTEMS AND CONTRACTOR LOGISTICS SUPPORT,W900KK23C0016,2023-04-18,LOCKHEED MARTIN CORPORATION,12.6,6910,TABLETOP ADVANCED GUNNERY TRAINING SYSTEM (T-AGTS) CREW STATIONS.,partial,
retained,medium,2.71,0.48,-79.0,W074 ENDIST MOBILE,W9127819F0194,2022-09-30,"AECOM TECHNICAL SERVICES, INC.",10.3,C211,AIR FORCE AIR QUALITY PROGRAM,W9127822F0186,2022-07-13,"AECOM TECHNICAL SERVICES, INC.",8.5,C219,TASK ORDER FOR FY22 AIR FORCE AIR QUALITY PROGRAM ENGINEERING ASSESSMENTS FOR US AIR FORCE CIVIL ENGINEERING (AFCEC) & DOD SERVICES IN SAN ANTONIO TX (RFP: W912,same_requirement,
